symbol,listing_date,last_date,requested_end,bars,monthly_files_ok,monthly_files_missing,status_codes
0GUSDT,2025-09-17,2026-06-21,2025-12-31,106,4,0,"{""200"": 4}"
1000000BOBUSDT,2025-06-05,2026-06-21,2025-12-07,186,7,0,"{""200"": 7}"
1000000MOGUSDT,2024-11-07,2026-06-21,2025-05-11,186,7,0,"{""200"": 7}"
1000BONKUSDT,2023-11-22,2026-06-21,2024-05-25,186,7,0,"{""200"": 7}"
1000CATUSDT,2024-10-21,2026-06-21,2025-04-24,186,7,0,"{""200"": 7}"
1000CHEEMSUSDT,2024-11-25,2026-06-21,2025-05-29,186,7,0,"{""200"": 7}"
1000FLOKIUSDT,2023-05-06,2026-06-21,2023-11-07,186,7,0,"{""200"": 7}"
1000LUNCUSDT,2022-09-09,2026-06-21,2023-03-13,186,7,0,"{""200"": 7}"
1000PEPEUSDT,2023-05-05,2026-06-21,2023-11-06,186,7,0,"{""200"": 7}"
1000RATSUSDT,2023-12-15,2026-06-21,2024-06-17,186,7,0,"{""200"": 7}"
1000SATSUSDT,2023-12-12,2026-06-21,2024-06-14,186,7,0,"{""200"": 7}"
1000SHIBUSDT,2021-05-10,2026-06-21,2021-11-11,186,7,0,"{""200"": 7}"
1000WHYUSDT,2024-11-25,2026-06-21,2025-05-29,186,7,0,"{""200"": 7}"
1000XECUSDT,2021-09-17,2026-06-21,2022-03-21,186,7,0,"{""200"": 7}"
1000XUSDT,2024-11-13,2026-06-21,2025-05-17,186,7,0,"{""200"": 7}"
1INCHUSDT,2020-12-25,2026-06-21,2021-06-28,186,7,0,"{""200"": 7}"
1MBABYDOGEUSDT,2024-09-16,2026-06-21,2025-03-20,186,7,0,"{""200"": 7}"
2ZUSDT,2025-10-02,2026-06-21,2025-12-31,91,3,0,"{""200"": 3}"
A2ZUSDT,2025-07-30,2026-06-21,2025-12-31,155,6,0,"{""200"": 6}"
AAVEUSDT,2020-10-16,2026-06-21,2021-04-19,186,7,0,"{""200"": 7}"
ACEUSDT,2023-12-18,2026-06-21,2024-06-20,186,7,0,"{""200"": 7}"
ACHUSDT,2023-02-22,2026-06-21,2023-08-26,186,7,0,"{""200"": 7}"
ACTUSDT,2024-11-11,2026-06-21,2025-05-15,186,7,0,"{""200"": 7}"
ACXUSDT,2024-12-06,2026-06-21,2025-06-09,186,7,0,"{""200"": 7}"
ADAUSDT,2020-01-31,2026-06-21,2020-08-03,186,8,0,"{""200"": 8}"
AERGOUSDT,2024-09-10,2026-06-21,2025-03-14,186,7,0,"{""200"": 7}"
AEROUSDT,2024-12-04,2026-06-21,2025-06-07,186,7,0,"{""200"": 7}"
AEVOUSDT,2024-03-13,2026-06-21,2024-09-14,186,7,0,"{""200"": 7}"
AGIXUSDT,2023-02-16,2026-06-21,2023-08-20,186,7,0,"{""200"": 7}"
AGLDUSDT,2023-07-29,2026-06-21,2024-01-30,186,7,0,"{""200"": 7}"
AGTUSDT,2025-05-20,2026-06-21,2025-11-21,186,7,0,"{""200"": 7}"
AI16ZUSDT,2025-01-02,2026-06-21,2025-07-06,186,7,0,"{""200"": 7}"
AIAUSDT,2025-09-18,2026-06-21,2025-12-31,105,4,0,"{""200"": 4}"
AINUSDT,2025-07-10,2026-06-21,2025-12-31,175,6,0,"{""200"": 6}"
AIOTUSDT,2025-04-30,2026-06-21,2025-11-01,186,8,0,"{""200"": 8}"
AIOUSDT,2025-08-13,2026-06-21,2025-12-31,141,5,0,"{""200"": 5}"
AIUSDT,2024-01-08,2026-06-21,2024-07-11,186,7,0,"{""200"": 7}"
AIXBTUSDT,2024-12-20,2026-06-21,2025-06-23,186,7,0,"{""200"": 7}"
AKEUSDT,2025-09-26,2026-06-21,2025-12-31,97,4,0,"{""200"": 4}"
AKROUSDT,2021-01-19,2022-05-27,2021-07-23,186,7,0,"{""200"": 7}"
AKTUSDT,2024-11-18,2026-06-21,2025-05-22,186,7,0,"{""200"": 7}"
ALCHUSDT,2025-01-07,2026-06-21,2025-07-11,186,7,0,"{""200"": 7}"
ALGOUSDT,2020-06-16,2026-06-21,2020-12-18,186,7,0,"{""200"": 7}"
ALICEUSDT,2021-03-16,2026-06-21,2021-09-17,186,7,0,"{""200"": 7}"
ALLUSDT,2025-08-06,2026-06-21,2025-12-31,148,5,0,"{""200"": 5}"
ALPACAUSDT,2024-08-22,2026-06-21,2025-02-23,186,7,0,"{""200"": 7}"
ALPHAUSDT,2020-11-23,2026-06-21,2021-05-27,186,7,0,"{""200"": 7}"
ALPINEUSDT,2025-05-06,2026-06-21,2025-11-07,186,7,0,"{""200"": 7}"
ALTUSDT,2024-01-25,2026-06-21,2024-07-28,186,7,0,"{""200"": 7}"
AMBUSDT,2023-03-30,2026-06-21,2023-10-01,186,8,0,"{""200"": 8}"
ANIMEUSDT,2025-01-23,2026-06-21,2025-07-27,186,7,0,"{""200"": 7}"
ANKRUSDT,2021-01-26,2026-06-21,2021-07-30,186,7,0,"{""200"": 7}"
ANTUSDT,2021-12-27,2024-05-28,2022-06-30,186,7,0,"{""200"": 7}"
APEUSDT,2022-03-17,2026-06-21,2022-09-18,186,7,0,"{""200"": 7}"
API3USDT,2022-02-22,2026-06-21,2022-08-26,186,7,0,"{""200"": 7}"
APTUSDT,2022-10-19,2026-06-21,2023-04-22,186,7,0,"{""200"": 7}"
ARBUSDT,2023-03-23,2026-06-21,2023-09-24,186,7,0,"{""200"": 7}"
ARCUSDT,2025-01-17,2026-06-21,2025-07-21,186,7,0,"{""200"": 7}"
ARIAUSDT,2025-09-03,2026-06-21,2025-12-31,120,4,0,"{""200"": 4}"
ARKMUSDT,2023-07-28,2026-06-21,2024-01-29,186,7,0,"{""200"": 7}"
ARKUSDT,2023-09-19,2026-06-21,2024-03-22,186,7,0,"{""200"": 7}"
ARPAUSDT,2021-10-19,2026-06-21,2022-04-22,186,7,0,"{""200"": 7}"
ARUSDT,2021-09-28,2026-06-21,2022-04-01,186,8,0,"{""200"": 8}"
ASRUSDT,2025-05-06,2026-06-21,2025-11-07,186,7,0,"{""200"": 7}"
ASTERUSDT,2025-09-19,2026-06-21,2025-12-31,104,4,0,"{""200"": 4}"
ASTRUSDT,2023-02-14,2026-06-21,2023-08-18,186,7,0,"{""200"": 7}"
ATAUSDT,2021-08-31,2026-06-21,2022-03-04,186,8,0,"{""200"": 8}"
ATHUSDT,2025-04-02,2026-06-21,2025-10-04,186,7,0,"{""200"": 7}"
ATOMUSDT,2020-02-07,2026-06-21,2020-08-10,186,7,0,"{""200"": 7}"
AUCTIONUSDT,2023-12-15,2026-06-21,2024-06-17,186,7,0,"{""200"": 7}"
AUDIOUSDT,2021-08-19,2024-05-28,2022-02-20,186,7,0,"{""200"": 7}"
AUSDT,2025-05-28,2026-06-21,2025-11-29,186,7,0,"{""200"": 7}"
AVAAIUSDT,2025-01-17,2026-06-21,2025-07-21,186,7,0,"{""200"": 7}"
AVAUSDT,2024-12-13,2026-06-21,2025-06-16,186,7,0,"{""200"": 7}"
AVAXUSDT,2020-09-23,2026-06-21,2021-03-27,186,7,0,"{""200"": 7}"
AVNTUSDT,2025-09-09,2026-06-21,2025-12-31,114,4,0,"{""200"": 4}"
AWEUSDT,2025-05-21,2026-06-21,2025-11-22,186,7,0,"{""200"": 7}"
AXLUSDT,2024-03-01,2026-06-21,2024-09-02,186,7,0,"{""200"": 7}"
AXSUSDT,2020-11-20,2026-06-21,2021-05-24,186,7,0,"{""200"": 7}"
B2USDT,2025-05-06,2026-06-21,2025-11-07,186,7,0,"{""200"": 7}"
B3USDT,2025-02-13,2026-06-21,2025-08-17,186,7,0,"{""200"": 7}"
BABYUSDT,2025-04-05,2026-06-21,2025-10-07,186,7,0,"{""200"": 7}"
BADGERUSDT,2023-11-09,2026-06-21,2024-05-12,186,7,0,"{""200"": 7}"
BAKEUSDT,2021-05-19,2026-06-21,2021-11-20,186,7,0,"{""200"": 7}"
BALUSDT,2020-09-01,2026-06-21,2021-03-05,186,7,0,"{""200"": 7}"
BANANAS31USDT,2025-03-22,2026-06-21,2025-09-23,186,7,0,"{""200"": 7}"
BANANAUSDT,2024-08-15,2026-06-21,2025-02-16,186,7,0,"{""200"": 7}"
BANDUSDT,2020-07-29,2026-06-21,2021-01-30,186,7,0,"{""200"": 7}"
BANKUSDT,2025-04-18,2026-06-21,2025-10-20,186,7,0,"{""200"": 7}"
BANUSDT,2024-11-18,2026-06-21,2025-05-22,186,7,0,"{""200"": 7}"
BARDUSDT,2025-09-18,2026-06-21,2025-12-31,105,4,0,"{""200"": 4}"
BASUSDT,2025-08-26,2026-06-21,2025-12-31,128,5,0,"{""200"": 5}"
BATUSDT,2020-02-13,2026-06-21,2020-08-16,186,7,0,"{""200"": 7}"
BBUSDT,2024-05-13,2026-06-21,2024-11-14,186,7,0,"{""200"": 7}"
BCHUSDT,2019-12-31,2026-06-21,2020-07-03,185,7,1,"{""200"": 7, ""404"": 1}"
BDXNUSDT,2025-06-03,2026-03-18,2025-12-05,186,7,0,"{""200"": 7}"
BEAMXUSDT,2023-11-17,2026-06-21,2024-05-20,186,7,0,"{""200"": 7}"
BELUSDT,2020-11-18,2026-06-21,2021-05-22,186,7,0,"{""200"": 7}"
BERAUSDT,2025-02-06,2026-06-21,2025-08-10,186,7,0,"{""200"": 7}"
BICOUSDT,2023-09-28,2026-06-21,2024-03-31,186,7,0,"{""200"": 7}"
BIDUSDT,2025-03-20,2026-06-21,2025-09-21,186,7,0,"{""200"": 7}"
BIGTIMEUSDT,2023-10-12,2026-06-21,2024-04-14,186,7,0,"{""200"": 7}"
BIOUSDT,2025-01-03,2026-06-21,2025-07-07,186,7,0,"{""200"": 7}"
BLESSUSDT,2025-09-23,2026-06-21,2025-12-31,100,4,0,"{""200"": 4}"
BLURUSDT,2023-04-28,2026-06-21,2023-10-30,186,7,0,"{""200"": 7}"
BLZUSDT,2020-09-17,2026-06-21,2021-03-21,186,7,0,"{""200"": 7}"
BMTUSDT,2025-03-17,2026-06-21,2025-09-18,186,7,0,"{""200"": 7}"
BNBUSDT,2020-02-10,2026-06-21,2020-08-13,186,7,0,"{""200"": 7}"
BNTUSDT,2023-08-10,2026-06-21,2024-02-11,186,7,0,"{""200"": 7}"
BNXUSDT,2022-04-01,2026-06-21,2022-10-03,181,7,0,"{""200"": 7}"
BOMEUSDT,2024-03-16,2026-06-21,2024-09-17,186,7,0,"{""200"": 7}"
BONDUSDT,2023-10-15,2026-06-21,2024-04-17,186,7,0,"{""200"": 7}"
BRETTUSDT,2024-08-20,2026-06-21,2025-02-21,186,7,0,"{""200"": 7}"
BROCCOLI714USDT,2025-03-21,2026-06-21,2025-09-22,186,7,0,"{""200"": 7}"
BROCCOLIF3BUSDT,2025-03-21,2026-06-21,2025-09-22,186,7,0,"{""200"": 7}"
BRUSDT,2025-03-21,2026-06-21,2025-09-22,186,7,0,"{""200"": 7}"
BSVUSDT,2023-10-20,2026-06-21,2024-04-22,186,7,0,"{""200"": 7}"
BSWUSDT,2024-09-05,2026-06-21,2025-03-09,186,7,0,"{""200"": 7}"
BTCSTUSDT,2021-03-04,2026-06-21,2021-09-05,186,7,0,"{""200"": 7}"
BTCUSDT,2019-12-31,2026-06-21,2020-07-03,185,7,1,"{""200"": 7, ""404"": 1}"
BTRUSDT,2025-08-27,2026-06-21,2025-12-31,127,5,0,"{""200"": 5}"
BTSUSDT,2021-02-01,2024-05-28,2021-08-05,186,7,0,"{""200"": 7}"
BTTUSDT,2021-04-06,2022-01-26,2021-10-08,186,7,0,"{""200"": 7}"
BULLAUSDT,2025-07-04,2026-06-21,2025-12-31,181,6,0,"{""200"": 6}"
BUSDT,2025-05-22,2026-06-21,2025-11-23,186,7,0,"{""200"": 7}"
BZRXUSDT,2020-09-05,2021-12-19,2021-03-09,186,7,0,"{""200"": 7}"
C98USDT,2021-08-24,2026-06-21,2022-02-25,186,7,0,"{""200"": 7}"
CAKEUSDT,2023-11-02,2026-06-21,2024-05-05,186,7,0,"{""200"": 7}"
CARVUSDT,2025-08-07,2026-06-21,2025-12-31,147,5,0,"{""200"": 5}"
CATIUSDT,2024-09-20,2026-06-21,2025-03-24,186,7,0,"{""200"": 7}"
CELOUSDT,2021-09-27,2026-06-21,2022-03-31,186,7,0,"{""200"": 7}"
CELRUSDT,2021-03-29,2026-06-21,2021-09-30,186,7,0,"{""200"": 7}"
CETUSUSDT,2024-11-06,2026-06-21,2025-05-10,186,7,0,"{""200"": 7}"
CFXUSDT,2023-02-20,2026-06-21,2023-08-24,186,7,0,"{""200"": 7}"
CGPTUSDT,2024-12-20,2026-06-21,2025-06-23,186,7,0,"{""200"": 7}"
CHESSUSDT,2024-08-29,2026-06-21,2025-03-02,186,8,0,"{""200"": 8}"
CHILLGUYUSDT,2024-11-27,2026-06-21,2025-05-31,186,7,0,"{""200"": 7}"
CHRUSDT,2021-03-12,2026-06-21,2021-09-13,186,7,0,"{""200"": 7}"
CHZUSDT,2021-01-21,2026-06-21,2021-07-25,186,7,0,"{""200"": 7}"
CKBUSDT,2023-02-28,2026-06-21,2023-09-01,186,8,0,"{""200"": 8}"
COAIUSDT,2025-09-25,2026-06-21,2025-12-31,98,4,0,"{""200"": 4}"
COCOSUSDT,2023-02-21,2024-05-28,2023-08-25,186,7,0,"{""200"": 7}"
COMBOUSDT,2023-06-02,2026-06-21,2023-12-04,186,7,0,"{""200"": 7}"
COMPUSDT,2020-06-30,2026-06-21,2021-01-01,186,8,0,"{""200"": 8}"
COOKIEUSDT,2025-01-07,2026-06-21,2025-07-11,186,7,0,"{""200"": 7}"
COSUSDT,2024-09-30,2026-06-21,2025-04-03,186,8,0,"{""200"": 8}"
COTIUSDT,2021-03-10,2026-06-21,2021-09-11,186,7,0,"{""200"": 7}"
COWUSDT,2024-11-06,2026-06-21,2025-05-10,186,7,0,"{""200"": 7}"
CROSSUSDT,2025-07-10,2026-06-21,2025-12-31,175,6,0,"{""200"": 6}"
CRVUSDT,2020-09-01,2026-06-21,2021-03-05,186,7,0,"{""200"": 7}"
CTKUSDT,2020-11-19,2026-06-21,2021-05-23,186,7,0,"{""200"": 7}"
CTSIUSDT,2021-10-26,2026-06-21,2022-04-29,186,7,0,"{""200"": 7}"
CUDISUSDT,2025-08-20,2026-06-21,2025-12-31,134,5,0,"{""200"": 5}"
CUSDT,2025-07-15,2026-06-21,2025-12-31,170,6,0,"{""200"": 6}"
CVCUSDT,2020-11-11,2026-06-21,2021-05-15,186,7,0,"{""200"": 7}"
CVXUSDT,2022-09-22,2026-06-21,2023-03-26,186,7,0,"{""200"": 7}"
CYBERUSDT,2023-08-21,2026-06-21,2024-02-22,186,7,0,"{""200"": 7}"
DAMUSDT,2025-08-18,2026-06-21,2025-12-31,136,5,0,"{""200"": 5}"
DARUSDT,2022-04-29,2026-06-21,2022-10-31,186,7,0,"{""200"": 7}"
DASHUSDT,2020-02-04,2026-06-21,2020-08-07,186,7,0,"{""200"": 7}"
DEEPUSDT,2025-04-22,2026-06-21,2025-10-24,186,7,0,"{""200"": 7}"
DEGENUSDT,2024-11-15,2026-06-21,2025-05-19,186,7,0,"{""200"": 7}"
DEGOUSDT,2024-12-13,2026-06-21,2025-06-16,186,7,0,"{""200"": 7}"
DENTUSDT,2021-03-24,2026-06-21,2021-09-25,186,7,0,"{""200"": 7}"
DEXEUSDT,2024-12-24,2026-06-21,2025-06-27,186,7,0,"{""200"": 7}"
DFUSDT,2024-12-30,2026-06-21,2025-07-03,186,8,0,"{""200"": 8}"
DGBUSDT,2021-04-21,2026-06-21,2021-10-23,186,7,0,"{""200"": 7}"
DIAUSDT,2024-10-02,2026-06-21,2025-04-05,186,7,0,"{""200"": 7}"
DMCUSDT,2025-06-24,2026-06-21,2025-12-26,186,7,0,"{""200"": 7}"
DODOUSDT,2021-02-19,2022-05-27,2021-08-23,186,7,0,"{""200"": 7}"
DODOXUSDT,2023-08-08,2026-06-21,2024-02-09,186,7,0,"{""200"": 7}"
DOGEUSDT,2020-07-10,2026-06-21,2021-01-11,186,7,0,"{""200"": 7}"
DOGSUSDT,2024-08-26,2026-06-21,2025-02-27,186,7,0,"{""200"": 7}"
DOLOUSDT,2025-05-01,2026-06-21,2025-11-02,186,7,0,"{""200"": 7}"
DOODUSDT,2025-05-09,2026-06-21,2025-11-10,186,7,0,"{""200"": 7}"
DOTUSDT,2020-08-22,2026-06-21,2021-02-23,186,7,0,"{""200"": 7}"
DRIFTUSDT,2024-11-08,2026-06-21,2025-05-12,186,7,0,"{""200"": 7}"
DUSDT,2025-01-09,2026-06-21,2025-07-13,186,7,0,"{""200"": 7}"
DUSKUSDT,2022-01-07,2026-06-21,2022-07-11,186,7,0,"{""200"": 7}"
DYDXUSDT,2021-09-10,2026-06-21,2022-03-14,186,7,0,"{""200"": 7}"
DYMUSDT,2024-02-07,2026-06-21,2024-08-10,186,7,0,"{""200"": 7}"
EDENUSDT,2025-09-30,2026-06-21,2025-12-31,93,4,0,"{""200"": 4}"
EDUUSDT,2023-04-30,2026-06-21,2023-11-01,186,8,0,"{""200"": 8}"
EGLDUSDT,2020-09-14,2026-06-21,2021-03-18,186,7,0,"{""200"": 7}"
EIGENUSDT,2024-10-01,2026-06-21,2025-04-04,186,7,0,"{""200"": 7}"
ENAUSDT,2024-04-02,2026-06-21,2024-10-04,186,7,0,"{""200"": 7}"
ENJUSDT,2020-09-29,2026-06-21,2021-04-02,186,8,0,"{""200"": 8}"
ENSUSDT,2021-11-30,2026-06-21,2022-06-03,186,8,0,"{""200"": 8}"
EOSUSDT,2020-01-08,2025-05-21,2020-07-11,186,7,0,"{""200"": 7}"
EPICUSDT,2025-03-13,2026-06-21,2025-09-14,186,7,0,"{""200"": 7}"
EPTUSDT,2025-04-21,2026-06-21,2025-10-23,186,7,0,"{""200"": 7}"
ERAUSDT,2025-07-17,2026-06-21,2025-12-31,168,6,0,"{""200"": 6}"
ESPORTSUSDT,2025-07-29,2026-06-21,2025-12-31,156,6,0,"{""200"": 6}"
ETCUSDT,2020-01-16,2026-06-21,2020-07-19,186,7,0,"{""200"": 7}"
ETHFIUSDT,2024-03-18,2026-06-21,2024-09-19,186,7,0,"{""200"": 7}"
ETHUSDT,2019-12-31,2026-06-21,2020-07-03,185,7,1,"{""200"": 7, ""404"": 1}"
ETHWUSDT,2023-11-28,2026-06-21,2024-05-31,186,7,0,"{""200"": 7}"
FARTCOINUSDT,2024-12-20,2026-06-21,2025-06-23,186,7,0,"{""200"": 7}"
FETUSDT,2023-01-17,2026-06-21,2023-07-21,186,7,0,"{""200"": 7}"
FFUSDT,2025-09-29,2026-06-21,2025-12-31,94,4,0,"{""200"": 4}"
FHEUSDT,2025-04-12,2026-06-21,2025-10-14,186,7,0,"{""200"": 7}"
FIDAUSDT,2024-09-19,2026-06-21,2025-03-23,186,7,0,"{""200"": 7}"
FILUSDT,2020-10-16,2026-06-21,2021-04-19,186,7,0,"{""200"": 7}"
FIOUSDT,2024-09-20,2026-06-21,2025-03-24,186,7,0,"{""200"": 7}"
FISUSDT,2025-04-25,2026-06-21,2025-10-27,186,7,0,"{""200"": 7}"
FLMUSDT,2020-09-29,2026-06-21,2021-04-02,186,8,0,"{""200"": 8}"
FLOCKUSDT,2025-09-09,2026-06-21,2025-12-31,114,4,0,"{""200"": 4}"
FLOWUSDT,2022-02-10,2026-06-21,2022-08-14,181,7,0,"{""200"": 7}"
FLUIDUSDT,2025-09-24,2026-06-21,2025-12-31,99,4,0,"{""200"": 4}"
FLUXUSDT,2024-09-03,2026-06-21,2025-03-07,186,7,0,"{""200"": 7}"
FORMUSDT,2025-03-19,2026-06-21,2025-09-20,186,7,0,"{""200"": 7}"
FORTHUSDT,2025-04-08,2026-06-21,2025-10-10,186,7,0,"{""200"": 7}"
FRONTUSDT,2023-09-22,2024-09-11,2024-03-25,186,7,0,"{""200"": 7}"
FTMUSDT,2020-09-24,2026-06-21,2021-03-28,186,7,0,"{""200"": 7}"
FTTUSDT,2022-04-15,2026-06-21,2022-10-17,186,7,0,"{""200"": 7}"
FUNUSDT,2025-03-31,2026-06-21,2025-10-02,186,8,0,"{""200"": 8}"
FUSDT,2025-06-18,2026-06-21,2025-12-20,186,7,0,"{""200"": 7}"
FXSUSDT,2023-01-20,2026-06-21,2023-07-24,186,7,0,"{""200"": 7}"
GALAUSDT,2021-09-18,2026-06-21,2022-03-22,186,7,0,"{""200"": 7}"
GALUSDT,2022-05-05,2024-07-30,2022-11-06,186,7,0,"{""200"": 7}"
GASUSDT,2023-10-25,2026-06-21,2024-04-27,186,7,0,"{""200"": 7}"
GHSTUSDT,2024-09-23,2026-06-21,2025-03-27,186,7,0,"{""200"": 7}"
GLMRUSDT,2023-09-26,2026-06-21,2024-03-29,186,7,0,"{""200"": 7}"
GLMUSDT,2024-02-22,2026-06-21,2024-08-25,186,7,0,"{""200"": 7}"
GMTUSDT,2022-03-15,2026-06-21,2022-09-16,184,7,0,"{""200"": 7}"
GMXUSDT,2023-02-17,2026-06-21,2023-08-21,186,7,0,"{""200"": 7}"
GOATUSDT,2024-10-24,2026-06-21,2025-04-27,186,7,0,"{""200"": 7}"
GPSUSDT,2025-02-17,2026-06-21,2025-08-21,186,7,0,"{""200"": 7}"
GRASSUSDT,2024-11-08,2026-06-21,2025-05-12,186,7,0,"{""200"": 7}"
GRIFFAINUSDT,2025-01-02,2026-06-21,2025-07-06,186,7,0,"{""200"": 7}"
GRTUSDT,2020-12-19,2026-06-21,2021-06-22,186,7,0,"{""200"": 7}"
GTCUSDT,2021-06-11,2026-06-21,2021-12-13,186,7,0,"{""200"": 7}"
GUNUSDT,2025-03-31,2026-06-21,2025-10-02,186,8,0,"{""200"": 8}"
GUSDT,2024-08-15,2026-06-21,2025-02-16,186,7,0,"{""200"": 7}"
HAEDALUSDT,2025-05-01,2026-06-21,2025-11-02,186,7,0,"{""200"": 7}"
HANAUSDT,2025-09-26,2026-06-21,2025-12-31,97,4,0,"{""200"": 4}"
HBARUSDT,2021-03-17,2026-06-21,2021-09-18,186,7,0,"{""200"": 7}"
HEIUSDT,2025-02-13,2026-06-21,2025-08-17,186,7,0,"{""200"": 7}"
HEMIUSDT,2025-08-29,2026-06-21,2025-12-31,125,5,0,"{""200"": 5}"
HFTUSDT,2023-04-06,2026-06-21,2023-10-08,186,7,0,"{""200"": 7}"
HIFIUSDT,2023-09-16,2026-06-21,2024-03-19,186,7,0,"{""200"": 7}"
HIGHUSDT,2023-02-07,2026-06-21,2023-08-11,186,7,0,"{""200"": 7}"
HIPPOUSDT,2024-11-13,2026-06-21,2025-05-17,186,7,0,"{""200"": 7}"
HIVEUSDT,2024-12-23,2026-06-21,2025-06-26,186,7,0,"{""200"": 7}"
HMSTRUSDT,2024-09-26,2026-06-21,2025-03-30,186,7,0,"{""200"": 7}"
HNTUSDT,2020-09-28,2024-05-28,2021-04-01,186,8,0,"{""200"": 8}"
HOLOUSDT,2025-09-11,2026-06-21,2025-12-31,112,4,0,"{""200"": 4}"
HOMEUSDT,2025-06-10,2026-06-21,2025-12-12,186,7,0,"{""200"": 7}"
HOOKUSDT,2023-01-23,2026-06-21,2023-07-27,186,7,0,"{""200"": 7}"
HOTUSDT,2021-03-30,2026-06-21,2021-10-01,186,8,0,"{""200"": 8}"
HUMAUSDT,2025-05-26,2026-06-21,2025-11-27,186,7,0,"{""200"": 7}"
HUSDT,2025-06-25,2026-06-21,2025-12-27,186,7,0,"{""200"": 7}"
HYPERUSDT,2025-04-22,2026-06-21,2025-10-24,186,7,0,"{""200"": 7}"
HYPEUSDT,2025-05-30,2026-06-21,2025-12-01,186,8,0,"{""200"": 8}"
ICNTUSDT,2025-07-03,2026-06-21,2025-12-31,182,6,0,"{""200"": 6}"
ICPUSDT,2021-05-11,2026-06-21,2021-11-12,186,7,0,"{""200"": 7}"
ICXUSDT,2020-09-15,2026-06-21,2021-03-19,186,7,0,"{""200"": 7}"
IDEXUSDT,2023-05-03,2026-06-21,2023-11-04,186,7,0,"{""200"": 7}"
IDOLUSDT,2025-07-04,2026-06-21,2025-12-31,181,6,0,"{""200"": 6}"
IDUSDT,2023-03-23,2026-06-21,2023-09-24,186,7,0,"{""200"": 7}"
ILVUSDT,2023-11-10,2026-06-21,2024-05-13,186,7,0,"{""200"": 7}"
IMXUSDT,2022-02-11,2026-06-21,2022-08-15,181,7,0,"{""200"": 7}"
INITUSDT,2025-04-16,2026-06-21,2025-10-18,186,7,0,"{""200"": 7}"
INJUSDT,2022-08-17,2026-06-21,2023-02-18,186,7,0,"{""200"": 7}"
INUSDT,2025-08-07,2026-06-21,2025-12-31,147,5,0,"{""200"": 5}"
IOSTUSDT,2020-02-21,2026-06-21,2020-08-24,186,7,0,"{""200"": 7}"
IOTAUSDT,2020-02-12,2026-06-21,2020-08-15,186,7,0,"{""200"": 7}"
IOTXUSDT,2021-08-12,2026-06-21,2022-02-13,186,7,0,"{""200"": 7}"
IOUSDT,2024-06-11,2026-06-21,2024-12-13,186,7,0,"{""200"": 7}"
IPUSDT,2025-02-13,2026-06-21,2025-08-17,186,7,0,"{""200"": 7}"
JASMYUSDT,2022-04-20,2026-06-21,2022-10-22,186,7,0,"{""200"": 7}"
JELLYJELLYUSDT,2025-03-26,2026-06-21,2025-09-27,186,7,0,"{""200"": 7}"
JOEUSDT,2023-03-29,2026-06-21,2023-09-30,186,7,0,"{""200"": 7}"
JSTUSDT,2025-04-28,2026-06-21,2025-10-30,186,7,0,"{""200"": 7}"
JTOUSDT,2023-12-08,2026-06-21,2024-06-10,186,7,0,"{""200"": 7}"
JUPUSDT,2024-01-31,2026-06-21,2024-08-03,186,8,0,"{""200"": 8}"
KAIAUSDT,2024-12-04,2026-06-21,2025-06-07,186,7,0,"{""200"": 7}"
KAITOUSDT,2025-02-20,2026-06-21,2025-08-24,186,7,0,"{""200"": 7}"
KASUSDT,2023-11-17,2026-06-21,2024-05-20,186,7,0,"{""200"": 7}"
KAVAUSDT,2020-07-28,2026-06-21,2021-01-29,186,7,0,"{""200"": 7}"
KDAUSDT,2024-09-18,2026-06-21,2025-03-22,186,7,0,"{""200"": 7}"
KEEPUSDT,2021-06-22,2022-02-15,2021-12-24,186,7,0,"{""200"": 7}"
KERNELUSDT,2025-04-14,2026-06-21,2025-10-16,186,7,0,"{""200"": 7}"
KEYUSDT,2023-05-24,2026-06-21,2023-11-25,186,7,0,"{""200"": 7}"
KLAYUSDT,2021-10-12,2026-06-21,2022-04-15,186,7,0,"{""200"": 7}"
KMNOUSDT,2024-12-20,2026-06-21,2025-06-23,186,7,0,"{""200"": 7}"
KNCUSDT,2020-06-22,2026-06-21,2020-12-24,186,7,0,"{""200"": 7}"
KOMAUSDT,2024-12-10,2026-06-21,2025-06-13,186,7,0,"{""200"": 7}"
KSMUSDT,2020-10-14,2026-06-21,2021-04-17,186,7,0,"{""200"": 7}"
LAUSDT,2025-06-05,2026-06-21,2025-12-07,186,7,0,"{""200"": 7}"
LAYERUSDT,2025-02-11,2026-06-21,2025-08-15,186,7,0,"{""200"": 7}"
LDOUSDT,2022-09-22,2026-06-21,2023-03-26,186,7,0,"{""200"": 7}"
LENDUSDT,2020-07-23,2020-11-10,2020-11-10,111,5,0,"{""200"": 5}"
LEVERUSDT,2023-03-30,2026-06-21,2023-10-01,186,8,0,"{""200"": 8}"
LIGHTUSDT,2025-09-27,2026-06-21,2025-12-31,96,4,0,"{""200"": 4}"
LINAUSDT,2021-03-19,2026-06-21,2021-09-20,186,7,0,"{""200"": 7}"
LINEAUSDT,2025-09-01,2026-06-21,2025-12-31,122,4,0,"{""200"": 4}"
LINKUSDT,2020-01-17,2026-06-21,2020-07-20,186,7,0,"{""200"": 7}"
LISTAUSDT,2024-06-20,2026-06-21,2024-12-22,186,7,0,"{""200"": 7}"
LITUSDT,2021-02-18,2026-06-21,2021-08-22,186,7,0,"{""200"": 7}"
LOKAUSDT,2024-09-24,2026-06-21,2025-03-28,186,7,0,"{""200"": 7}"
LOOMUSDT,2023-10-11,2026-06-21,2024-04-13,186,7,0,"{""200"": 7}"
LPTUSDT,2021-11-11,2026-06-21,2022-05-15,186,7,0,"{""200"": 7}"
LQTYUSDT,2023-03-10,2026-06-21,2023-09-11,186,7,0,"{""200"": 7}"
LRCUSDT,2020-10-19,2026-06-21,2021-04-22,186,7,0,"{""200"": 7}"
LSKUSDT,2024-01-25,2026-06-21,2024-07-28,186,7,0,"{""200"": 7}"
LTCUSDT,2020-01-09,2026-06-21,2020-07-12,186,7,0,"{""200"": 7}"
LUMIAUSDT,2024-12-18,2026-06-21,2025-06-21,186,7,0,"{""200"": 7}"
LUNA2USDT,2022-09-10,2026-06-21,2023-03-14,186,7,0,"{""200"": 7}"
LUNAUSDT,2021-01-28,2022-05-13,2021-08-01,186,8,0,"{""200"": 8}"
MAGICUSDT,2023-01-25,2026-06-21,2023-07-29,186,7,0,"{""200"": 7}"
MANAUSDT,2021-03-15,2026-06-21,2021-09-16,186,7,0,"{""200"": 7}"
MANTAUSDT,2024-01-18,2026-06-21,2024-07-21,186,7,0,"{""200"": 7}"
MASKUSDT,2021-08-27,2026-06-21,2022-02-28,183,7,0,"{""200"": 7}"
MATICUSDT,2020-10-22,2024-09-11,2021-04-25,186,7,0,"{""200"": 7}"
MAVIAUSDT,2024-02-21,2026-06-21,2024-08-24,186,7,0,"{""200"": 7}"
MAVUSDT,2023-06-29,2026-06-21,2023-12-31,186,7,0,"{""200"": 7}"
MBLUSDT,2023-11-14,2024-05-28,2024-05-17,186,7,0,"{""200"": 7}"
MBOXUSDT,2024-08-28,2026-06-21,2025-03-01,186,8,0,"{""200"": 8}"
MDTUSDT,2023-06-30,2026-06-21,2024-01-01,186,8,0,"{""200"": 8}"
MELANIAUSDT,2025-01-20,2026-06-21,2025-07-24,186,7,0,"{""200"": 7}"
MEMEFIUSDT,2025-04-25,2026-06-21,2025-10-27,186,7,0,"{""200"": 7}"
MEMEUSDT,2023-11-03,2026-06-21,2024-05-06,186,7,0,"{""200"": 7}"
MERLUSDT,2025-05-29,2026-06-21,2025-11-30,186,7,0,"{""200"": 7}"
METISUSDT,2024-03-12,2026-06-21,2024-09-13,186,7,0,"{""200"": 7}"
MEUSDT,2024-12-10,2026-06-21,2025-06-13,186,7,0,"{""200"": 7}"
MEWUSDT,2024-06-17,2026-06-21,2024-12-19,186,7,0,"{""200"": 7}"
MILKUSDT,2025-05-06,2026-06-21,2025-11-07,186,7,0,"{""200"": 7}"
MINAUSDT,2023-02-06,2026-06-21,2023-08-10,185,7,0,"{""200"": 7}"
MIRAUSDT,2025-09-26,2026-06-21,2025-12-31,97,4,0,"{""200"": 4}"
MITOUSDT,2025-08-28,2026-06-21,2025-12-31,126,5,0,"{""200"": 5}"
MKRUSDT,2020-08-13,2026-06-21,2021-02-14,186,7,0,"{""200"": 7}"
MLNUSDT,2025-03-31,2026-06-21,2025-10-02,186,8,0,"{""200"": 8}"
MOCAUSDT,2024-12-16,2026-06-21,2025-06-19,186,7,0,"{""200"": 7}"
MOODENGUSDT,2024-10-25,2026-06-21,2025-04-28,186,7,0,"{""200"": 7}"
MORPHOUSDT,2024-11-27,2026-06-21,2025-05-31,186,7,0,"{""200"": 7}"
MOVEUSDT,2024-12-09,2026-06-21,2025-06-12,186,7,0,"{""200"": 7}"
MOVRUSDT,2023-12-26,2026-06-21,2024-06-28,186,7,0,"{""200"": 7}"
MTLUSDT,2021-03-31,2026-06-21,2021-10-02,186,8,0,"{""200"": 8}"
MUBARAKUSDT,2025-03-17,2026-06-21,2025-09-18,186,7,0,"{""200"": 7}"
MUSDT,2025-07-07,2026-06-21,2025-12-31,178,6,0,"{""200"": 6}"
MYROUSDT,2024-03-05,2026-06-21,2024-09-06,186,7,0,"{""200"": 7}"
MYXUSDT,2025-06-18,2026-06-21,2025-12-20,186,7,0,"{""200"": 7}"
NAORISUSDT,2025-07-31,2026-06-21,2025-12-31,154,6,0,"{""200"": 6}"
NEARUSDT,2020-10-15,2026-06-21,2021-04-18,186,7,0,"{""200"": 7}"
NEIROETHUSDT,2024-09-06,2026-06-21,2025-03-10,186,7,0,"{""200"": 7}"
NEIROUSDT,2024-09-16,2026-06-21,2025-03-20,186,7,0,"{""200"": 7}"
NEOUSDT,2020-02-17,2026-06-21,2020-08-20,186,7,0,"{""200"": 7}"
NEWTUSDT,2025-06-19,2026-06-21,2025-12-21,186,7,0,"{""200"": 7}"
NFPUSDT,2023-12-27,2026-06-21,2024-06-29,186,7,0,"{""200"": 7}"
NILUSDT,2025-03-24,2026-06-21,2025-09-25,186,7,0,"{""200"": 7}"
NKNUSDT,2021-04-09,2026-06-21,2021-10-11,186,7,0,"{""200"": 7}"
NMRUSDT,2023-06-22,2026-06-21,2023-12-24,186,7,0,"{""200"": 7}"
NOMUSDT,2025-10-01,2026-06-21,2025-12-31,92,3,0,"{""200"": 3}"
NOTUSDT,2024-05-16,2026-06-21,2024-11-17,186,7,0,"{""200"": 7}"
NTRNUSDT,2023-11-14,2026-06-21,2024-05-17,186,7,0,"{""200"": 7}"
NULSUSDT,2024-08-26,2026-06-21,2025-02-27,186,7,0,"{""200"": 7}"
NUUSDT,2021-10-21,2022-02-15,2022-02-15,118,5,0,"{""200"": 5}"
NXPCUSDT,2025-05-15,2026-06-21,2025-11-16,186,7,0,"{""200"": 7}"
OBOLUSDT,2025-05-07,2026-06-21,2025-11-08,186,7,0,"{""200"": 7}"
OCEANUSDT,2020-11-03,2026-06-21,2021-05-07,186,7,0,"{""200"": 7}"
OGNUSDT,2021-04-01,2026-06-21,2021-10-03,186,7,0,"{""200"": 7}"
OGUSDT,2025-05-12,2026-06-21,2025-11-13,186,7,0,"{""200"": 7}"
OLUSDT,2025-06-25,2026-06-21,2025-12-27,186,7,0,"{""200"": 7}"
OMGUSDT,2020-07-02,2026-06-21,2021-01-03,186,7,0,"{""200"": 7}"
OMNIUSDT,2024-04-17,2026-06-21,2024-10-19,186,7,0,"{""200"": 7}"
OMUSDT,2024-02-13,2026-06-21,2024-08-16,186,7,0,"{""200"": 7}"
ONDOUSDT,2024-01-20,2026-06-21,2024-07-23,186,7,0,"{""200"": 7}"
ONEUSDT,2021-03-18,2026-06-21,2021-09-19,186,7,0,"{""200"": 7}"
ONGUSDT,2023-11-27,2026-06-21,2024-05-30,186,7,0,"{""200"": 7}"
ONTUSDT,2020-02-11,2026-06-21,2020-08-14,186,7,0,"{""200"": 7}"
OPENUSDT,2025-09-08,2026-06-21,2025-12-31,115,4,0,"{""200"": 4}"
OPUSDT,2022-06-01,2026-06-21,2022-12-03,186,7,0,"{""200"": 7}"
ORBSUSDT,2023-10-17,2026-06-21,2024-04-19,186,7,0,"{""200"": 7}"
ORCAUSDT,2024-12-06,2026-06-21,2025-06-09,186,7,0,"{""200"": 7}"
ORDERUSDT,2025-09-26,2026-06-21,2025-12-31,97,4,0,"{""200"": 4}"
ORDIUSDT,2023-11-07,2026-06-21,2024-05-10,186,7,0,"{""200"": 7}"
OXTUSDT,2023-08-11,2026-06-21,2024-02-12,186,7,0,"{""200"": 7}"
PARTIUSDT,2025-03-25,2026-06-21,2025-09-26,186,7,0,"{""200"": 7}"
PAXGUSDT,2025-03-27,2026-06-21,2025-09-28,186,7,0,"{""200"": 7}"
PENDLEUSDT,2023-07-28,2026-06-21,2024-01-29,186,7,0,"{""200"": 7}"
PENGUUSDT,2024-12-17,2026-06-21,2025-06-20,186,7,0,"{""200"": 7}"
PEOPLEUSDT,2021-12-24,2026-06-21,2022-06-27,181,7,0,"{""200"": 7}"
PERPUSDT,2023-03-06,2026-06-21,2023-09-07,186,7,0,"{""200"": 7}"
PHAUSDT,2024-12-30,2026-06-21,2025-07-03,186,8,0,"{""200"": 8}"
PHBUSDT,2023-02-16,2026-06-21,2023-08-20,186,7,0,"{""200"": 7}"
PIPPINUSDT,2025-01-24,2026-06-21,2025-07-28,186,7,0,"{""200"": 7}"
PIXELUSDT,2024-02-19,2026-06-21,2024-08-22,186,7,0,"{""200"": 7}"
PLAYUSDT,2025-07-31,2026-06-21,2025-12-31,154,6,0,"{""200"": 6}"
PLUMEUSDT,2025-03-21,2026-06-21,2025-09-22,186,7,0,"{""200"": 7}"
PNUTUSDT,2024-11-11,2026-06-21,2025-05-15,186,7,0,"{""200"": 7}"
POLUSDT,2024-09-13,2026-06-21,2025-03-17,186,7,0,"{""200"": 7}"
POLYXUSDT,2023-10-25,2026-06-21,2024-04-27,186,7,0,"{""200"": 7}"
PONKEUSDT,2024-11-04,2026-06-21,2025-05-08,186,7,0,"{""200"": 7}"
POPCATUSDT,2024-08-22,2026-06-21,2025-02-23,186,7,0,"{""200"": 7}"
PORT3USDT,2025-06-04,2026-06-21,2025-12-06,186,7,0,"{""200"": 7}"
PORTALUSDT,2024-02-29,2026-06-21,2024-09-01,186,8,0,"{""200"": 8}"
POWRUSDT,2023-10-27,2026-06-21,2024-04-29,186,7,0,"{""200"": 7}"
PROMPTUSDT,2025-04-11,2026-06-21,2025-10-13,186,7,0,"{""200"": 7}"
PROMUSDT,2025-01-15,2026-06-21,2025-07-19,186,7,0,"{""200"": 7}"
PROVEUSDT,2025-08-05,2026-06-21,2025-12-31,149,5,0,"{""200"": 5}"
PTBUSDT,2025-09-03,2026-06-21,2025-12-31,120,4,0,"{""200"": 4}"
PUFFERUSDT,2025-06-04,2026-06-21,2025-12-06,186,7,0,"{""200"": 7}"
PUMPBTCUSDT,2025-06-13,2026-06-21,2025-12-15,186,7,0,"{""200"": 7}"
PUMPUSDT,2025-04-12,2026-06-21,2025-10-14,186,7,0,"{""200"": 7}"
PUNDIXUSDT,2025-04-30,2026-06-21,2025-11-01,186,8,0,"{""200"": 8}"
PYTHUSDT,2023-11-22,2026-06-21,2024-05-25,186,7,0,"{""200"": 7}"
QNTUSDT,2022-10-20,2026-06-21,2023-04-23,186,7,0,"{""200"": 7}"
QTUMUSDT,2020-02-20,2026-06-21,2020-08-23,186,7,0,"{""200"": 7}"
QUICKUSDT,2024-09-06,2026-06-21,2025-03-10,186,7,0,"{""200"": 7}"
QUSDT,2025-09-02,2026-06-21,2025-12-31,121,4,0,"{""200"": 4}"
RADUSDT,2023-05-10,2026-06-21,2023-11-11,186,7,0,"{""200"": 7}"
RAREUSDT,2024-08-15,2026-06-21,2025-02-16,186,7,0,"{""200"": 7}"
RAYSOLUSDT,2024-12-10,2026-06-21,2025-06-13,186,7,0,"{""200"": 7}"
RAYUSDT,2021-08-20,2026-06-21,2022-02-21,186,7,0,"{""200"": 7}"
RDNTUSDT,2023-04-05,2026-06-21,2023-10-07,186,7,0,"{""200"": 7}"
REDUSDT,2025-03-06,2026-06-21,2025-09-07,186,7,0,"{""200"": 7}"
REEFUSDT,2021-02-22,2026-06-21,2021-08-26,186,7,0,"{""200"": 7}"
REIUSDT,2024-09-27,2026-06-21,2025-03-31,186,7,0,"{""200"": 7}"
RENDERUSDT,2024-07-26,2026-06-21,2025-01-27,186,7,0,"{""200"": 7}"
RENUSDT,2020-10-13,2026-06-21,2021-04-16,186,7,0,"{""200"": 7}"
RESOLVUSDT,2025-06-10,2026-06-21,2025-12-12,186,7,0,"{""200"": 7}"
REZUSDT,2024-04-30,2026-06-21,2024-11-01,186,8,0,"{""200"": 8}"
RIFUSDT,2023-10-21,2026-06-21,2024-04-23,186,7,0,"{""200"": 7}"
RLCUSDT,2020-07-31,2026-06-21,2021-02-01,186,8,0,"{""200"": 8}"
RNDRUSDT,2023-02-03,2024-07-30,2023-08-07,186,7,0,"{""200"": 7}"
RONINUSDT,2024-02-06,2026-06-21,2024-08-09,186,7,0,"{""200"": 7}"
ROSEUSDT,2021-12-31,2026-06-21,2022-07-04,181,8,0,"{""200"": 8}"
RPLUSDT,2024-09-09,2026-03-18,2025-03-13,186,7,0,"{""200"": 7}"
RSRUSDT,2020-10-19,2026-06-21,2021-04-22,186,7,0,"{""200"": 7}"
RUNEUSDT,2020-09-04,2026-06-21,2021-03-08,186,7,0,"{""200"": 7}"
RVNUSDT,2021-02-23,2026-06-21,2021-08-27,186,7,0,"{""200"": 7}"
SAFEUSDT,2024-10-25,2026-06-21,2025-04-28,186,7,0,"{""200"": 7}"
SAGAUSDT,2024-04-09,2026-06-21,2024-10-11,186,7,0,"{""200"": 7}"
SAHARAUSDT,2025-06-26,2026-06-21,2025-12-28,186,7,0,"{""200"": 7}"
SANDUSDT,2021-01-25,2026-03-18,2021-07-29,186,7,0,"{""200"": 7}"
SANTOSUSDT,2024-10-28,2026-06-21,2025-05-01,186,8,0,"{""200"": 8}"
SAPIENUSDT,2025-08-20,2026-06-21,2025-12-31,134,5,0,"{""200"": 5}"
SCRTUSDT,2024-11-21,2026-06-21,2025-05-25,186,7,0,"{""200"": 7}"
SCRUSDT,2024-10-22,2026-06-21,2025-04-25,186,7,0,"{""200"": 7}"
SCUSDT,2021-04-12,2026-06-21,2021-10-14,186,7,0,"{""200"": 7}"
SEIUSDT,2023-08-17,2026-06-21,2024-02-18,186,7,0,"{""200"": 7}"
SFPUSDT,2021-02-24,2026-06-21,2021-08-28,186,7,0,"{""200"": 7}"
SHELLUSDT,2025-02-17,2026-06-21,2025-08-21,186,7,0,"{""200"": 7}"
SIGNUSDT,2025-04-28,2026-03-18,2025-10-30,186,7,0,"{""200"": 7}"
SIRENUSDT,2025-03-22,2026-06-21,2025-09-23,186,7,0,"{""200"": 7}"
SKATEUSDT,2025-06-09,2026-06-21,2025-12-11,186,7,0,"{""200"": 7}"
SKLUSDT,2020-12-08,2026-06-21,2021-06-11,186,7,0,"{""200"": 7}"
SKYAIUSDT,2025-05-13,2026-06-21,2025-11-14,186,7,0,"{""200"": 7}"
SKYUSDT,2025-09-09,2026-06-21,2025-12-31,114,4,0,"{""200"": 4}"
SLERFUSDT,2024-11-21,2026-06-21,2025-05-25,186,7,0,"{""200"": 7}"
SLPUSDT,2023-10-31,2026-06-21,2024-05-03,186,8,0,"{""200"": 8}"
SNTUSDT,2023-11-02,2026-06-21,2024-05-05,186,7,0,"{""200"": 7}"
SNXUSDT,2020-08-14,2026-06-21,2021-02-15,186,7,0,"{""200"": 7}"
SOLUSDT,2020-09-14,2026-06-21,2021-03-18,186,7,0,"{""200"": 7}"
SOLVUSDT,2025-01-17,2026-06-21,2025-07-21,186,7,0,"{""200"": 7}"
SOMIUSDT,2025-08-25,2026-06-21,2025-12-31,129,5,0,"{""200"": 5}"
SONICUSDT,2025-01-08,2026-03-18,2025-07-12,186,7,0,"{""200"": 7}"
SOONUSDT,2025-05-23,2026-06-21,2025-11-24,186,7,0,"{""200"": 7}"
SOPHUSDT,2025-05-28,2026-06-21,2025-11-29,186,7,0,"{""200"": 7}"
SPELLUSDT,2022-09-06,2026-06-21,2023-03-10,186,7,0,"{""200"": 7}"
SPKUSDT,2025-06-17,2026-06-21,2025-12-19,186,7,0,"{""200"": 7}"
SPXUSDT,2024-12-10,2026-03-18,2025-06-13,186,7,0,"{""200"": 7}"
SQDUSDT,2025-06-11,2026-06-21,2025-12-13,186,7,0,"{""200"": 7}"
SRMUSDT,2020-09-05,2024-05-28,2021-03-09,186,7,0,"{""200"": 7}"
SSVUSDT,2023-02-24,2026-06-21,2023-08-28,186,7,0,"{""200"": 7}"
STBLUSDT,2025-09-17,2026-06-21,2025-12-31,106,4,0,"{""200"": 4}"
STEEMUSDT,2023-11-08,2026-06-21,2024-05-11,186,7,0,"{""200"": 7}"
STGUSDT,2022-08-25,2026-06-21,2023-02-26,186,7,0,"{""200"": 7}"
STMXUSDT,2021-03-22,2026-03-18,2021-09-23,186,7,0,"{""200"": 7}"
STORJUSDT,2020-09-16,2026-06-21,2021-03-20,186,7,0,"{""200"": 7}"
STOUSDT,2025-04-12,2026-03-18,2025-10-14,186,7,0,"{""200"": 7}"
STPTUSDT,2023-10-18,2026-03-18,2024-04-20,186,7,0,"{""200"": 7}"
STRAXUSDT,2023-10-11,2026-06-21,2024-04-13,186,7,0,"{""200"": 7}"
STRKUSDT,2024-02-20,2026-06-21,2024-08-23,186,7,0,"{""200"": 7}"
STXUSDT,2023-02-21,2026-06-21,2023-08-25,186,7,0,"{""200"": 7}"
SUIUSDT,2023-05-03,2026-03-18,2023-11-04,186,7,0,"{""200"": 7}"
SUNUSDT,2024-08-22,2026-03-18,2025-02-23,186,7,0,"{""200"": 7}"
SUPERUSDT,2023-11-26,2026-06-21,2024-05-29,186,7,0,"{""200"": 7}"
SUSDT,2025-01-16,2026-03-18,2025-07-20,186,7,0,"{""200"": 7}"
SUSHIUSDT,2020-09-04,2026-03-18,2021-03-08,186,7,0,"{""200"": 7}"
SWARMSUSDT,2025-01-07,2026-06-21,2025-07-11,186,7,0,"{""200"": 7}"
SWELLUSDT,2024-11-08,2026-06-21,2025-05-12,186,7,0,"{""200"": 7}"
SXPUSDT,2020-07-21,2026-03-18,2021-01-22,186,7,0,"{""200"": 7}"
SXTUSDT,2025-05-02,2026-06-21,2025-11-03,186,7,0,"{""200"": 7}"
SYNUSDT,2024-08-16,2026-06-21,2025-02-17,186,7,0,"{""200"": 7}"
SYRUPUSDT,2025-05-07,2026-03-18,2025-11-08,186,7,0,"{""200"": 7}"
SYSUSDT,2024-08-19,2026-03-18,2025-02-20,186,7,0,"{""200"": 7}"
TACUSDT,2025-07-15,2026-06-21,2025-12-31,170,6,0,"{""200"": 6}"
TAGUSDT,2025-07-25,2026-03-18,2025-12-31,160,6,0,"{""200"": 6}"
TAIKOUSDT,2025-06-11,2026-03-18,2025-12-13,186,7,0,"{""200"": 7}"
TAKEUSDT,2025-09-03,2026-06-21,2025-12-31,120,4,0,"{""200"": 4}"
TANSSIUSDT,2025-07-09,2026-06-21,2025-12-31,176,6,0,"{""200"": 6}"
TAOUSDT,2024-04-11,2026-06-21,2024-10-13,186,7,0,"{""200"": 7}"
TAUSDT,2025-07-21,2026-06-21,2025-12-31,164,6,0,"{""200"": 6}"
THETAUSDT,2020-05-27,2026-06-21,2020-11-28,186,7,0,"{""200"": 7}"
THEUSDT,2024-11-27,2026-03-18,2025-05-31,186,7,0,"{""200"": 7}"
TIAUSDT,2023-10-31,2026-06-21,2024-05-03,186,8,0,"{""200"": 8}"
TLMUSDT,2021-07-16,2026-03-18,2022-01-17,186,7,0,"{""200"": 7}"
TNSRUSDT,2024-04-08,2026-06-21,2024-10-10,186,7,0,"{""200"": 7}"
TOKENUSDT,2023-11-03,2026-06-21,2024-05-06,186,7,0,"{""200"": 7}"
TOMOUSDT,2020-10-12,2024-05-28,2021-04-15,186,7,0,"{""200"": 7}"
TONUSDT,2024-03-01,2026-06-21,2024-09-02,186,7,0,"{""200"": 7}"
TOSHIUSDT,2025-09-17,2026-03-18,2025-12-31,106,4,0,"{""200"": 4}"
TOWNSUSDT,2025-08-05,2026-03-18,2025-12-31,149,5,0,"{""200"": 5}"
TRADOORUSDT,2025-09-19,2026-06-21,2025-12-31,104,4,0,"{""200"": 4}"
TRBUSDT,2020-09-03,2026-03-18,2021-03-07,186,7,0,"{""200"": 7}"
TREEUSDT,2025-07-29,2026-03-18,2025-12-31,156,6,0,"{""200"": 6}"
TROYUSDT,2024-10-31,2026-06-21,2025-05-04,186,8,0,"{""200"": 8}"
TRUMPUSDT,2025-01-18,2026-06-21,2025-07-22,186,7,0,"{""200"": 7}"
TRUTHUSDT,2025-10-01,2026-03-18,2025-12-31,92,3,0,"{""200"": 3}"
TRUUSDT,2023-03-07,2026-03-18,2023-09-08,186,7,0,"{""200"": 7}"
TRXUSDT,2020-01-15,2026-03-18,2020-07-18,186,7,0,"{""200"": 7}"
TSTUSDT,2025-02-09,2026-06-21,2025-08-13,186,7,0,"{""200"": 7}"
TURBOUSDT,2024-05-30,2026-06-21,2024-12-01,186,8,0,"{""200"": 8}"
TUSDT,2023-02-01,2026-06-21,2023-08-05,186,7,0,"{""200"": 7}"
TUTUSDT,2025-03-20,2026-03-18,2025-09-21,186,7,0,"{""200"": 7}"
TWTUSDT,2023-11-03,2026-03-18,2024-05-06,186,7,0,"{""200"": 7}"
UBUSDT,2025-09-12,2026-03-18,2025-12-31,111,4,0,"{""200"": 4}"
UMAUSDT,2023-05-10,2026-03-18,2023-11-11,186,7,0,"{""200"": 7}"
UNFIUSDT,2021-02-19,2026-06-21,2021-08-23,186,7,0,"{""200"": 7}"
UNIUSDT,2020-09-18,2026-06-21,2021-03-22,186,7,0,"{""200"": 7}"
USDCUSDT,2023-03-12,2026-06-21,2023-09-13,186,7,0,"{""200"": 7}"
USELESSUSDT,2025-08-15,2026-03-18,2025-12-31,139,5,0,"{""200"": 5}"
USTCUSDT,2023-11-27,2026-03-18,2024-05-30,186,7,0,"{""200"": 7}"
USUALUSDT,2024-12-18,2026-03-18,2025-06-21,186,7,0,"{""200"": 7}"
UXLINKUSDT,2024-09-15,2026-06-21,2025-03-19,186,7,0,"{""200"": 7}"
VANAUSDT,2024-12-16,2026-06-21,2025-06-19,186,7,0,"{""200"": 7}"
VANRYUSDT,2024-03-13,2026-03-18,2024-09-14,186,7,0,"{""200"": 7}"
VELODROMEUSDT,2024-12-13,2026-03-18,2025-06-16,186,7,0,"{""200"": 7}"
VELVETUSDT,2025-07-15,2026-06-21,2025-12-31,170,6,0,"{""200"": 6}"
VETUSDT,2020-02-14,2026-03-18,2020-08-17,186,7,0,"{""200"": 7}"
VFYUSDT,2025-09-30,2026-03-18,2025-12-31,93,4,0,"{""200"": 4}"
VICUSDT,2025-03-12,2026-03-18,2025-09-13,186,7,0,"{""200"": 7}"
VIDTUSDT,2024-08-23,2026-03-18,2025-02-24,186,7,0,"{""200"": 7}"
VINEUSDT,2025-01-24,2026-06-21,2025-07-28,186,7,0,"{""200"": 7}"
VIRTUALUSDT,2024-12-10,2026-06-21,2025-06-13,186,7,0,"{""200"": 7}"
VOXELUSDT,2024-08-20,2026-06-21,2025-02-21,186,7,0,"{""200"": 7}"
VTHOUSDT,2025-01-22,2026-03-18,2025-07-26,186,7,0,"{""200"": 7}"
VVVUSDT,2025-01-29,2026-06-21,2025-08-02,186,8,0,"{""200"": 8}"
WALUSDT,2025-03-27,2026-03-18,2025-09-28,186,7,0,"{""200"": 7}"
WAVESUSDT,2020-08-12,2026-03-18,2021-02-13,186,7,0,"{""200"": 7}"
WAXPUSDT,2023-10-18,2026-03-18,2024-04-20,186,7,0,"{""200"": 7}"
WCTUSDT,2025-04-15,2026-06-21,2025-10-17,186,7,0,"{""200"": 7}"
WIFUSDT,2024-01-18,2026-03-18,2024-07-21,186,7,0,"{""200"": 7}"
WLDUSDT,2023-07-24,2026-03-18,2024-01-25,186,7,0,"{""200"": 7}"
WLFIUSDT,2025-08-23,2026-03-18,2025-12-31,131,5,0,"{""200"": 5}"
WOOUSDT,2022-04-08,2026-06-21,2022-10-10,186,7,0,"{""200"": 7}"
WUSDT,2024-04-03,2026-03-18,2024-10-05,186,7,0,"{""200"": 7}"
XAIUSDT,2024-01-09,2026-03-18,2024-07-12,186,7,0,"{""200"": 7}"
XANUSDT,2025-09-29,2026-03-18,2025-12-31,94,4,0,"{""200"": 4}"
XCNUSDT,2025-04-11,2026-03-18,2025-10-13,186,7,0,"{""200"": 7}"
XEMUSDT,2021-03-03,2026-03-18,2021-09-04,186,7,0,"{""200"": 7}"
XLMUSDT,2020-01-20,2026-06-21,2020-07-23,186,7,0,"{""200"": 7}"
XMRUSDT,2020-02-03,2026-03-18,2020-08-06,186,7,0,"{""200"": 7}"
XNYUSDT,2025-08-13,2026-03-18,2025-12-31,141,5,0,"{""200"": 5}"
XPINUSDT,2025-09-12,2026-03-18,2025-12-31,111,4,0,"{""200"": 4}"
XPLUSDT,2025-08-22,2026-06-21,2025-12-31,132,5,0,"{""200"": 5}"
XRPUSDT,2020-01-06,2026-03-18,2020-07-09,186,7,0,"{""200"": 7}"
XTZUSDT,2020-02-06,2026-06-21,2020-08-09,186,7,0,"{""200"": 7}"
XVGUSDT,2023-07-05,2026-03-18,2024-01-06,186,7,0,"{""200"": 7}"
XVSUSDT,2023-04-13,2026-03-18,2023-10-15,186,7,0,"{""200"": 7}"
YALAUSDT,2025-08-07,2026-03-18,2025-12-31,147,5,0,"{""200"": 5}"
YFIIUSDT,2020-09-03,2022-04-12,2021-03-07,186,7,0,"{""200"": 7}"
YFIUSDT,2020-08-31,2026-03-18,2021-03-04,186,8,0,"{""200"": 8}"
YGGUSDT,2023-08-05,2026-03-18,2024-02-06,186,7,0,"{""200"": 7}"
ZECUSDT,2020-02-05,2026-03-18,2020-08-08,186,7,0,"{""200"": 7}"
ZENUSDT,2020-11-24,2026-03-18,2021-05-28,186,7,0,"{""200"": 7}"
ZEREBROUSDT,2025-01-02,2026-03-18,2025-07-06,186,7,0,"{""200"": 7}"
ZETAUSDT,2024-02-02,2026-03-18,2024-08-05,186,7,0,"{""200"": 7}"
ZILUSDT,2020-06-18,2026-03-18,2020-12-20,186,7,0,"{""200"": 7}"
ZKCUSDT,2025-09-15,2026-03-18,2025-12-31,108,4,0,"{""200"": 4}"
ZKJUSDT,2025-05-13,2026-03-18,2025-11-14,186,7,0,"{""200"": 7}"
ZKUSDT,2024-06-17,2026-06-21,2024-12-19,186,7,0,"{""200"": 7}"
ZORAUSDT,2025-07-25,2026-03-18,2025-12-31,160,6,0,"{""200"": 6}"
ZRCUSDT,2025-07-29,2026-03-18,2025-12-31,156,6,0,"{""200"": 6}"
ZROUSDT,2024-06-20,2026-03-18,2024-12-22,186,7,0,"{""200"": 7}"
ZRXUSDT,2020-06-24,2026-03-18,2020-12-26,186,7,0,"{""200"": 7}"
