trade_index,decision_date,entry_date,exit_date,long_symbol,short_symbol,long_signal,short_signal,dispersion,dispersion_gate,eligible_count,median_quote_volume_long,median_quote_volume_short,long_entry,long_exit,short_entry,short_exit,gross_unit_return,leverage,net_return,equity_before,equity_after,log_contribution
323,2023-01-06,2023-01-07,2023-01-10,LDOUSDT,CVXUSDT,0.5105006469592914,-0.2005700958797616,0.22735049429206639,True,7,17832354.67905,4394985.169,1.5175,1.9414,3.085,3.387,0.18144799062263872,0.25,0.04261199765565968,1.0,1.0426119976556596,0.0417291007244265
324,2023-01-09,2023-01-10,2023-01-13,LDOUSDT,INJUSDT,0.8968246213971665,-0.14612146722790142,0.3426108502133827,True,7,25260558.772749998,6048895.75145,1.9414,2.0511,1.42,1.528,-0.019550723523172886,0.25,-0.007637680880793221,1.0426119976556596,1.0346488599350794,-0.007666997333951448
325,2023-01-12,2023-01-13,2023-01-16,LDOUSDT,CVXUSDT,0.8200372703877896,-0.11975155279503114,0.3014930734584116,True,7,36299236.535500005,4743899.736,2.0511,2.222,3.542,4.409,-0.1614558174166698,0.25,-0.043113954354167455,1.0346488599350794,0.990041056215247,-0.04407096917937961
326,2023-01-15,2023-01-16,2023-01-19,LDOUSDT,INJUSDT,1.19258089976322,0.17709815078236146,0.31923247695779544,True,7,103383202.28275,6048895.75145,2.222,1.9721,1.655,1.48,-0.006726065355780242,0.25,-0.00443151633894506,0.990041056215247,0.9856536730984027,-0.004441364613439183
327,2023-01-18,2023-01-19,2023-01-22,LDOUSDT,INJUSDT,1.0773038441284886,0.13420245398773,0.33231676811301736,True,9,155899052.51865,6276361.26245,1.9721,2.3962,1.48,1.733,0.04410400081131782,0.25,0.008276000202829453,0.9856536730984027,0.9938109430968847,0.008241941895164622
328,2023-01-21,2023-01-22,2023-01-25,APTUSDT,INJUSDT,2.172718933793773,0.3047404063205419,0.6620764180373928,True,9,191911803.642415,7205354.2345,11.7594,12.3159,1.733,1.837,-0.01268769762768307,0.25,-0.005921924406920767,0.9938109430968847,0.9879256698170943,-0.005939528535882015
329,2023-01-24,2023-01-25,2023-01-28,APTUSDT,1000LUNCUSDT,2.444680613043965,0.17148760330578527,0.6908625932411655,True,9,839149564.53196,98371548.7283,12.3159,17.757,0.17,0.1726,0.42650063547695205,0.25,0.10387515886923801,0.9879256698170943,1.0905466057203432,0.09882686072640935
330,2023-01-27,2023-01-28,2023-01-31,APTUSDT,1000LUNCUSDT,4.498235075551152,0.17323369565217384,1.2339755053236483,True,9,1141327241.18272,89879665.82885,17.757,17.1906,0.1726,0.1646,0.01445266211663554,0.25,0.0008631655291588848,1.0905466057203432,1.0914879279583423,0.0008627932160233578
331,2023-01-30,2023-01-31,2023-02-03,APTUSDT,1000LUNCUSDT,3.9876690071374687,0.13526570048309172,1.0948678746681786,True,9,1618772446.7174149,75793152.54265001,17.1906,17.2178,0.1646,0.1694,-0.0275793438158487,0.25,-0.009644835953962178,1.0914879279583423,1.080960705947454,-0.009691648627801919
332,2023-02-02,2023-02-03,2023-02-06,APTUSDT,1000LUNCUSDT,3.50990099009901,0.08595253367543298,0.9745122294590961,True,9,1810637354.281805,70122800.10895,17.2178,15.4316,0.1694,0.1814,-0.1745797295001662,0.25,-0.04639493237504155,1.080960705947454,1.0308096070949446,-0.04750566848114685
333,2023-02-05,2023-02-06,2023-02-09,APTUSDT,1000LUNCUSDT,3.000259241976461,0.16217948717948705,0.8506550127200051,True,9,1810637354.281805,70122800.10895,15.4316,15.0866,0.1814,0.1809,-0.019600382988236964,0.25,-0.007650095747059241,1.0308096070949446,1.02292381490368,-0.007679507829044764
334,2023-02-08,2023-02-09,2023-02-12,APTUSDT,1000LUNCUSDT,1.8960148961492687,0.06666666666666643,0.6512361527069653,True,9,1810637354.281805,70122800.10895,15.0866,13.877,0.1809,0.1679,-0.008314203129766384,0.25,-0.004828550782441596,1.02292381490368,1.0179845753168486,-0.0048402458959246365
335,2023-02-11,2023-02-12,2023-02-15,INJUSDT,1000LUNCUSDT,1.225278323510151,-0.0035629453681709222,0.44428784230547946,True,9,76876346.3919,63517537.850150004,3.398,3.488,0.1679,0.1697,0.015765501270585958,0.25,0.0011913753176464893,1.0179845753168486,1.019197377013626,0.0011906661932390395
336,2023-02-14,2023-02-15,2023-02-18,APTUSDT,LUNA2USDT,0.8594295949644917,-0.0976757727206562,0.337756125332602,True,8,1538458241.13567,49016131.8679,14.741,14.735,1.8593,1.9008,-0.02272725605990711,0.25,-0.008431814014976778,1.019197377013626,1.010603694286095,-0.008467562852304092
337,2023-02-17,2023-02-18,2023-02-21,STGUSDT,LUNA2USDT,1.7460793357933584,0.024193113853117065,0.5447410456569073,True,8,86544057.80125,48153992.2634,1.1907,1.1327,1.9008,1.8676,-0.031244512395306012,0.25,-0.010561128098826505,1.010603694286095,0.9999305792135923,-0.010617292602530307
338,2023-02-20,2023-02-21,2023-02-24,STGUSDT,LUNA2USDT,1.3225343448841502,-0.15613702096890825,0.42995532932313296,True,8,112558093.30835,45644995.0655,1.1327,1.0799,1.8676,1.7839,-0.0017974071774288225,0.25,-0.0031993517943572055,0.9999305792135923,0.9967314495207527,-0.0032044806625999523
339,2023-02-23,2023-02-24,2023-02-27,SPELLUSDT,LUNA2USDT,0.26218820861677994,-0.12876605302993305,0.16269940047344603,True,7,12018547.176919151,34532979.877,0.0008905,0.0008483,1.7839,1.7375,-0.02137868064970294,0.25,-0.008094670162425736,0.9967314495207527,0.9886632371963657,-0.008127609882820542
340,2023-02-26,2023-02-27,2023-03-02,LDOUSDT,APTUSDT,0.3035505430242271,-0.2885099481334227,0.18079821200622695,True,7,230724343.57099998,1127617518.89188,3.1204,3.0199,12.633,13.443,-0.09632519605549006,0.25,-0.026831299013872517,0.9886632371963657,0.9621361182551269,-0.027197829516651468
341,2023-03-01,2023-03-02,2023-03-05,LDOUSDT,APTUSDT,0.4590742172400464,-0.21799831302172712,0.20185084500152978,True,7,244755055.7814,954990838.603365,3.0199,2.5521,13.443,11.257,0.007706720505572862,0.25,-0.0008233198736067847,0.9621361182551269,0.9613439724678526,-0.0008236589875594834
342,2023-03-04,2023-03-05,2023-03-08,LDOUSDT,APTUSDT,0.12497244875468372,-0.34620366014438464,0.1368452254845442,True,7,265520060.0674,688112351.8555,2.5521,2.5507,11.257,11.12,0.011621637359562342,0.25,0.00015540933989058553,0.9613439724678526,0.9614933743000216,0.000155397265110099
343,2023-03-07,2023-03-08,2023-03-11,LDOUSDT,LUNA2USDT,0.24578713427441023,-0.28293081882035986,0.1840102300728704,True,6,279100922.0825,25600656.564999998,2.5507,2.3041,1.4904,1.2984,0.0321451337250922,0.25,0.00528628343127305,0.9614933743000216,0.9665761007938626,0.0052723600819738455
363,2023-05-06,2023-05-07,2023-05-10,RNDRUSDT,MAGICUSDT,0.592218137254902,-0.2415671641791045,0.2900826981714876,True,6,239999560.389575,43105955.14419,2.0789,1.7379,1.0162,0.8373,0.012018968216362058,0.25,0.0002547420540905145,0.9665761007938626,0.9668223283752136,0.0002547096128428507
364,2023-05-09,2023-05-10,2023-05-13,RNDRUSDT,MAGICUSDT,0.33174955935320716,-0.35772919064058306,0.19916111127865826,True,8,246419089.75163502,44864220.40063,1.7379,1.8175,0.8373,0.8683,0.008778638331979893,0.25,-0.0005553404170050267,0.9668223283752136,0.966285412860204,-0.000555494675607716
365,2023-05-12,2023-05-13,2023-05-16,RNDRUSDT,MAGICUSDT,0.13994479989963615,-0.3236485433868205,0.13841415068165586,True,8,246419089.75163502,47061951.69067,1.8175,1.7937,0.8683,0.8581,-0.0013478185725842584,0.25,-0.0030869546431460644,0.966285412860204,0.9633025336183709,-0.003091729115882753
366,2023-05-15,2023-05-16,2023-05-19,RNDRUSDT,MAGICUSDT,0.0715736647150198,-0.4337381203801479,0.13717486730872228,True,9,246419089.75163502,42451536.63695,1.7937,2.3911,0.8581,0.9037,0.27991392032182016,0.25,0.06722848008045504,0.9633025336183709,1.0280638988111854,0.06506508255519826
367,2023-05-18,2023-05-19,2023-05-22,RNDRUSDT,FETUSDT,0.17931136543014992,-0.4193548387096774,0.14987677552325465,True,12,253893770.986085,41138054.652150005,2.3911,2.4608,0.2467,0.2428,0.04495843821052614,0.25,0.008489609552631533,1.0280638988111854,1.0367917599072485,0.008453775486105963
368,2023-05-21,2023-05-22,2023-05-25,RNDRUSDT,FETUSDT,0.5103731892953598,-0.2710897628339839,0.19180389068124207,True,13,262259550.414785,41138054.652150005,2.4608,2.6337,0.2428,0.2315,0.11680206594927423,0.25,0.026450516487318554,1.0367917599072485,1.064215437446591,0.026106750262606518
369,2023-05-24,2023-05-25,2023-05-28,RNDRUSDT,FETUSDT,0.48628668171557576,-0.30208019294543254,0.18334409934978152,True,16,285247417.28341997,41138054.652150005,2.6337,2.64,0.2315,0.255,-0.09911980705969992,0.25,-0.02752995176492498,1.064215437446591,1.034917637786198,-0.027916002693826214
379,2023-06-23,2023-06-24,2023-06-27,STXUSDT,HIGHUSDT,0.2964092140921408,-0.3125643666323378,0.12974815417820904,True,23,67484108.55725,56216799.96675,0.7657,0.7327,1.336,1.286,-0.005672669288561472,0.25,-0.004168167322140368,1.034917637786198,1.030603927907271,-0.0041768783459827956
380,2023-06-26,2023-06-27,2023-06-30,STXUSDT,HIGHUSDT,0.20708401976935753,-0.411522633744856,0.13111157849619146,True,23,98105035.98835,48339937.373050004,0.7327,0.6843,1.286,1.205,-0.0030710461594040117,0.25,-0.0035177615398510028,1.030603927907271,1.0269785090468595,-0.003523963411719037
381,2023-06-29,2023-06-30,2023-07-03,STXUSDT,IDUSDT,0.09382992327365725,-0.4330839567747299,0.12347976275232324,True,26,125945177.41215,52081631.082949996,0.6843,0.6985,0.2728,0.2808,-0.008574380652275115,0.25,-0.004893595163068779,1.0269785090468595,1.0219528919824121,-0.004905608006564533
382,2023-07-02,2023-07-03,2023-07-06,STXUSDT,HIGHUSDT,0.1378299120234605,-0.4055343511450382,0.1256420235818391,True,26,142359464.8439,41650554.9885,0.6985,0.6712,1.246,1.248,-0.04068888733137166,0.25,-0.012922221832842917,1.0219528919824121,1.0087469900095,-0.013006440052447575
386,2023-07-14,2023-07-15,2023-07-18,LQTYUSDT,HIGHUSDT,0.5645712937846445,-0.04061738424045491,0.14819912612895483,True,29,18059436.7344,30796544.7131,1.3268,1.1984,1.181,1.156,-0.07560569227827696,0.25,-0.021651423069569242,1.0087469900095,0.9869061821586499,-0.02188925431989799
387,2023-07-17,2023-07-18,2023-07-21,LQTYUSDT,AMBUSDT,0.4148069429684731,-0.1146732429099876,0.12847762237841473,True,28,18753824.39437,13971289.194825001,1.1984,1.1035,0.00719,0.0069,-0.038855121617882626,0.25,-0.012463780404470659,0.9869061821586499,0.9746056002244099,-0.012542104808062072
388,2023-07-20,2023-07-21,2023-07-24,LQTYUSDT,STXUSDT,0.25110531685749904,-0.1693128752501668,0.12063938598897976,True,27,22108999.183125,108599192.0025,1.1035,1.0842,0.6228,0.6251,-0.021182804523122045,0.25,-0.008045701130780512,0.9746056002244099,0.9667642148446194,-0.00807824244679175
396,2023-08-13,2023-08-14,2023-08-17,ASTRUSDT,LQTYUSDT,0.32553430821147344,-0.252826775214835,0.11054891515019638,True,29,21831747.917365,35424107.672134995,0.05891,0.05569,0.9912,0.8771,0.06045334403624414,0.25,0.012363336009061032,0.9667642148446194,0.9787166456742796,0.01228753410719746
400,2023-08-25,2023-08-26,2023-08-29,LEVERUSDT,1000PEPEUSDT,0.043965517241379315,-0.3378885718576363,0.1108139938807433,True,22,11327939.15176,253956451.5380685,0.001211,0.001347,0.0008817,0.0008576,0.1396374412578658,0.25,0.03215936031446645,0.9787166456742796,1.010191546928285,0.03165307404736525
401,2023-08-28,2023-08-29,2023-09-01,LEVERUSDT,1000PEPEUSDT,0.1196013289036546,-0.36296791443850274,0.1267979687812184,True,21,32850541.150725,285359968.1811686,0.001347,0.001319,0.0008576,0.0008033,0.04252929741603795,0.25,0.007882324354009485,1.010191546928285,1.0181542043608522,0.007851421122040502
402,2023-08-31,2023-09-01,2023-09-04,AMBUSDT,1000PEPEUSDT,0.11289355322338834,-0.38307349665924284,0.12260799681866878,True,22,16278895.554715,285359968.1811686,0.007423,0.007676,0.0008033,0.0008023,0.03532811968090854,0.25,0.006082029920227135,1.0181542043608522,1.02434664869518,0.0060636090294573204
403,2023-09-03,2023-09-04,2023-09-07,AMBUSDT,BLURUSDT,0.22635782747603828,-0.3772374197906112,0.13688800713804505,True,21,19882045.619768,17987078.599,0.007676,0.008028,0.1845,0.1936,-0.0034652759242548292,0.25,-0.003616318981063707,1.02434664869518,1.0206422844663146,-0.0036228736698853377
404,2023-09-06,2023-09-07,2023-09-10,LEVERUSDT,BLURUSDT,0.2369747899159662,-0.33044982698961933,0.14172599457987933,True,20,61261364.622421,18870209.46385,0.001471,0.001416,0.1936,0.1869,-0.0027820929148104634,0.25,-0.0034455232287026157,1.0206422844663146,1.0171256377669897,-0.0034514727138530263
405,2023-09-09,2023-09-10,2023-09-13,AMBUSDT,1000PEPEUSDT,0.28434108527131774,-0.36282539939988645,0.15050971741758598,True,18,20798726.350505,234496947.80680695,0.008284,0.00757,0.0007857,0.0006714,0.0592851260216497,0.25,0.012071281505412423,1.0171256377669897,1.0294036476668473,0.011999004654926636
406,2023-09-12,2023-09-13,2023-09-16,AMBUSDT,1000PEPEUSDT,0.06022408963585435,-0.5080597889800704,0.1362383038491007,True,18,20798726.350505,220944148.9890617,0.00757,0.008534,0.0006714,0.0006838,0.10887591101855798,0.25,0.024468977754639493,1.0294036476668473,1.054592102622152,0.02417440786221251
407,2023-09-15,2023-09-16,2023-09-19,AMBUSDT,1000PEPEUSDT,0.30106707317073167,-0.4130117586473264,0.1719269768870491,True,18,21102769.780865,190754724.42206934,0.008534,0.007985,0.0006838,0.0006263,0.01975800323986654,0.25,0.002189500809966635,1.054592102622152,1.0569011328850277,0.002187107346092206
408,2023-09-18,2023-09-19,2023-09-22,KEYUSDT,1000PEPEUSDT,0.249050703596158,-0.4478138222849083,0.1747328653291575,True,18,10100731.390430499,156356072.6118245,0.00559,0.005441,0.0006263,0.0006114,-0.002864224880941957,0.25,-0.003466056220235489,1.0569011328850277,1.0532378541392178,-0.0034720769091528578
409,2023-09-21,2023-09-22,2023-09-25,LEVERUSDT,1000PEPEUSDT,0.3215627347858754,-0.4297304858714912,0.18980464126586472,True,17,41692840.454116,131688174.61657125,0.001759,0.001861,0.0006114,0.0006759,-0.047508091012100406,0.25,-0.014627022753025104,1.0532378541392178,1.0378321200823761,-0.014735052379029057
410,2023-09-24,2023-09-25,2023-09-28,LEVERUSDT,1000PEPEUSDT,0.5375722543352599,-0.23361306418689043,0.20142308530803146,True,17,41692840.454116,131688174.61657125,0.001861,0.001914,0.0006759,0.0007353,-0.05940351070505323,0.25,-0.01760087767626331,1.0378321200823761,1.0195653638883093,-0.017757614989763137
411,2023-09-27,2023-09-28,2023-10-01,XVSUSDT,BLURUSDT,0.31175616835994213,-0.23462929475587702,0.15922433543811904,True,15,15375104.89095,12331871.524349999,4.521,4.713,0.1693,0.1787,-0.01305426027230272,0.25,-0.00601356506807568,1.0195653638883093,1.0134341412314107,-0.0060317193684578385
412,2023-09-30,2023-10-01,2023-10-04,MAVUSDT,BLURUSDT,0.31235539102267484,-0.1316812439261419,0.12311873432382299,True,16,13122443.0357,11743721.83015,0.2835,0.2521,0.1787,0.1727,-0.0771825520193361,0.25,-0.02204563800483403,1.0134341412314107,0.9910923390120832,-0.022292274662766967
413,2023-10-03,2023-10-04,2023-10-07,XVSUSDT,NMRUSDT,0.4127338732197712,-0.3498196805770222,0.14811391841511204,True,16,17166493.80155,14224701.215,5.059,5.129,12.61,12.68,0.008285576744768486,0.25,-0.0006786058138078786,0.9910923390120832,0.9904197779888091,-0.0006788361709534811
414,2023-10-06,2023-10-07,2023-10-10,XVSUSDT,NMRUSDT,0.3833288373347721,-0.1384928716904278,0.12469544633346653,True,15,17961492.1734,12221047.3865,5.129,5.137,12.68,12.42,0.02206449009867184,0.25,0.0027661225246679603,0.9904197779888091,0.9931594004455806,0.002762303848087959
419,2023-10-21,2023-10-22,2023-10-25,1000FLOKIUSDT,SUIUSDT,0.5489306545690216,-0.11209640745793548,0.15833212827539697,True,14,12124205.568094999,94472424.76315999,0.0239,0.02566,0.3905,0.4344,-0.038779807027788715,0.25,-0.012444951756947181,0.9931594004455806,0.9807995796200768,-0.01252303870430198
420,2023-10-24,2023-10-25,2023-10-28,1000FLOKIUSDT,MDTUSDT,0.655907036797934,-0.016998434354730363,0.17294295836001755,True,15,15362563.150835,6257477.46093,0.02566,0.03442,0.04395,0.04522,0.31249090007865155,0.25,0.07537272501966288,0.9807995796200768,1.0547251166341818,0.07266732243433185
421,2023-10-27,2023-10-28,2023-10-31,1000FLOKIUSDT,MAVUSDT,1.2007672634271098,-0.07523770152955767,0.3041858086785947,True,17,25015325.564774998,12720025.91475,0.03442,0.03597,0.2236,0.2414,-0.034574481907698074,0.25,-0.01139362047692452,1.0547251166341818,1.042707978947772,-0.011459025041817296
422,2023-10-30,2023-10-31,2023-11-03,1000FLOKIUSDT,MAVUSDT,0.9495934959349592,-0.14880112834978843,0.25340908423209646,True,16,34716043.241840005,12561892.6881,0.03597,0.03083,0.2414,0.2269,-0.08283057846004871,0.25,-0.02345764461501218,1.042707978947772,1.0182485057403776,-0.023737154915850316
423,2023-11-02,2023-11-03,2023-11-06,1000FLOKIUSDT,MAVUSDT,0.739841986455982,-0.09956366521221727,0.23885779056781822,True,13,42317327.29592,12561892.6881,0.03083,0.03104,0.2269,0.2359,-0.032853503488829094,0.25,-0.010963375872207276,1.0182485057403776,1.0070850646406324,-0.011023916571066274
424,2023-11-05,2023-11-06,2023-11-09,AGLDUSDT,MAVUSDT,0.4140073899899226,-0.007154882154882136,0.12380778016714189,True,13,15442910.4976,11172038.2446,0.8421,0.8273,0.2359,0.251,-0.08158528364689521,0.25,-0.023146320911723806,1.0070850646406324,0.9837747505490563,-0.02341840367398222
425,2023-11-08,2023-11-09,2023-11-12,YGGUSDT,KEYUSDT,0.6633790737564325,0.09723275208491278,0.1576839452857952,True,13,34904685.01755001,6932246.6221515,0.388,0.4152,0.005789,0.006188,0.001179271743601884,0.25,-0.002455182064099529,0.9837747505490563,0.9813594044263942,-0.0024582009658981724
426,2023-11-11,2023-11-12,2023-11-15,BNTUSDT,MDTUSDT,1.27710843373494,0.19524159921510909,0.2993380865930015,True,14,38167538.96515,8322183.958079999,1.1529,0.7943,0.04873,0.04764,-0.28867356984146386,0.25,-0.07491839246036597,0.9813594044263942,0.9078375354209066,-0.07787332099408059
427,2023-11-14,2023-11-15,2023-11-18,YGGUSDT,KEYUSDT,0.705223880597015,0.03708487084870837,0.19797282654666343,True,14,35773193.07055,11383702.9706635,0.4114,0.3847,0.005621,0.005547,-0.05173542302690337,0.25,-0.015683855756725845,0.9078375354209066,0.8935991424648236,-0.015808148730717522
428,2023-11-17,2023-11-18,2023-11-21,YGGUSDT,KEYUSDT,0.7363431151241535,-0.03864818024263439,0.1822881203276657,True,15,41644171.29025,10451685.4653845,0.3847,0.3853,0.005547,0.005476,0.014359368431283381,0.25,0.0008398421078208453,0.8935991424648236,0.8943496246521782,0.0008394896377701299
429,2023-11-20,2023-11-21,2023-11-24,YGGUSDT,KEYUSDT,0.6835664335664335,-0.0948603536605519,0.19531776321732014,True,16,41753637.065799996,8534364.7713995,0.3853,0.3541,0.005476,0.005253,-0.040252707375903696,0.25,-0.012813176843975926,0.8943496246521782,0.8828901647511663,-0.012895973614559974
430,2023-11-23,2023-11-24,2023-11-27,SEIUSDT,AGLDUSDT,0.8181818181818183,-0.16687860706250612,0.23572549583263017,True,15,52453076.809149995,23157600.1954,0.1999,0.2286,0.8519,0.9255,0.05717666909520025,0.25,0.01154416727380006,0.8828901647511663,0.8930823964974468,0.011478041797233494
431,2023-11-26,2023-11-27,2023-11-30,SEIUSDT,XVGUSDT,1.1514581373471304,-0.0389125799573562,0.27976362336997046,True,15,53462332.72765,7840610.936734499,0.2286,0.2534,0.003606,0.003514,0.13399947302760185,0.25,0.03074986825690046,0.8930823964974468,0.9205445625323003,0.030286564792009953
432,2023-11-29,2023-11-30,2023-12-03,SEIUSDT,XVGUSDT,1.2317180616740089,-0.11371659102370146,0.3081821043212408,True,15,70117801.5007,7734618.805116501,0.2534,0.2707,0.003514,0.003593,0.04579000493684293,0.25,0.00869750123421073,0.9205445625323003,0.928551000001071,0.008659895861557153
433,2023-12-02,2023-12-03,2023-12-06,SEIUSDT,XVGUSDT,1.446654611211573,-0.045671800318640376,0.35983952013320775,True,14,181997381.04665,6895664.847171,0.2707,0.3096,0.003593,0.00382,0.08052311214259222,0.25,0.017380778035648053,0.928551000001071,0.9446899388268687,0.017231460005764247
434,2023-12-05,2023-12-06,2023-12-09,SEIUSDT,XVGUSDT,1.6371379897785348,-0.025523226135783394,0.37734138613949253,True,14,206383316.93365002,6616986.1682130005,0.3096,0.2821,0.00382,0.003978,-0.13018554595018716,0.25,-0.035296386487546794,0.9446899388268687,0.9113457976351386,-0.03593436107567628
435,2023-12-08,2023-12-09,2023-12-12,SEIUSDT,XVGUSDT,1.2152395915161036,-0.04581434396737827,0.29424155936998453,True,14,208560363.83429998,6165179.137121,0.2821,0.2397,0.003978,0.0036,-0.055278687157245154,0.25,-0.01656967178931129,0.9113457976351386,0.8962450968817561,-0.016708484322546093
436,2023-12-11,2023-12-12,2023-12-15,SEIUSDT,BNTUSDT,0.8042168674698795,-0.3719316506201753,0.2600612775604632,True,14,208560363.83429998,17532600.19475,0.2397,0.2579,0.7241,0.7537,0.035049911915742804,0.25,0.006012477978935701,0.8962450968817561,0.9016337507904868,0.005994475158214109
437,2023-12-14,2023-12-15,2023-12-18,SEIUSDT,CYBERUSDT,0.7000659195781147,-0.09675218340611358,0.19398082744696216,True,14,199964754.0925,39930155.46175,0.2579,0.2331,6.618,6.146,-0.024840662153612802,0.25,-0.008960165538403201,0.9016337507904868,0.8935549631283927,-0.009000549232350137
438,2023-12-17,2023-12-18,2023-12-21,WLDUSDT,BNTUSDT,1.109613071371291,-0.07357728870946734,0.3034123578470202,True,15,176843809.3756,14956079.95455,4.2082,3.4979,0.7113,0.7149,-0.17385066183271225,0.25,-0.046212665458178065,0.8935549631283927,0.8522614065488456,-0.04731455215163726
439,2023-12-20,2023-12-21,2023-12-24,SEIUSDT,ARKUSDT,1.3555284056200363,-0.39226379201014583,0.4138077631418668,True,15,228741606.70545,36105186.284549996,0.3856,0.3739,0.9584,1.0416,-0.11715367590520864,0.25,-0.03203841897630216,0.8522614065488456,0.8249562985285012,-0.032562881518295714
440,2023-12-23,2023-12-24,2023-12-27,SEIUSDT,ARKUSDT,0.8699999999999999,-0.32147511076361734,0.2855279692947751,True,16,237681293.39735,29392934.21655,0.3739,0.5035,1.0416,0.9746,0.4109408591879753,0.25,0.09998521479699382,0.8249562985285012,0.9074397312350062,0.0952967386203505
441,2023-12-26,2023-12-27,2023-12-30,SEIUSDT,ARKUSDT,1.20201136860516,-0.26652115008279387,0.36659417916450865,True,17,247919545.3426,23961219.6718,0.5035,0.5515,0.9746,0.941,0.12980835363210663,0.25,0.029702088408026656,0.9074397312350062,0.9343925863571042,0.02926952584984919
442,2023-12-29,2023-12-30,2024-01-02,SEIUSDT,ARKUSDT,1.177260165811291,-0.11769670824345879,0.3199931895566657,True,16,258685238.1908,18747276.71585,0.5515,0.7101,0.941,0.9691,0.257717480005742,0.25,0.0616793700014355,0.9343925863571042,0.9920253324176224,0.059851965748891844
443,2024-01-01,2024-01-02,2024-01-05,SEIUSDT,ARKUSDT,1.6241685144124167,-0.14471128377185238,0.4169816201225392,True,16,291185004.9637,16537991.71125,0.7101,0.7718,0.9691,0.8423,0.2177322207921727,0.25,0.05168305519804317,0.9920253324176224,1.0432962324308195,0.05039179059322849
444,2024-01-04,2024-01-05,2024-01-08,SEIUSDT,ARKUSDT,1.4928940568475455,-0.20819625904690287,0.3805150828400834,True,15,334145253.9423,16325968.43315,0.7718,0.6772,0.8423,0.7257,0.015859873800918467,0.25,0.0012149684502296167,1.0432962324308195,1.0445638044374663,0.0012142309733424147
445,2024-01-07,2024-01-08,2024-01-11,SEIUSDT,ARKUSDT,1.4014184397163123,-0.3232247830549595,0.37681411964345574,True,15,450778051.20085,16165104.0045,0.6772,0.7411,0.7257,0.8133,-0.02635191180668306,0.25,-0.009337977951670766,1.0445638044374663,1.034809690662516,-0.009381850200105731
446,2024-01-10,2024-01-11,2024-01-14,SEIUSDT,BIGTIMEUSDT,2.0930717863105173,-0.34572670207629164,0.5015573776653722,True,18,525018384.95335,157986570.40225,0.7411,0.7235,0.4066,0.4182,-0.05227774907920257,0.25,-0.015819437269800646,1.034809690662516,1.0184395836748985,-0.01594590005416032
447,2024-01-13,2024-01-14,2024-01-17,SEIUSDT,BIGTIMEUSDT,1.8057386583947266,-0.42139496263492937,0.44180105904919575,True,19,527581650.02989995,145020581.7587,0.7235,0.7726,0.4182,0.4339,0.030322701332627267,0.25,0.004830675333156817,1.0184395836748985,1.0233593346500673,0.004819045060744126
448,2024-01-16,2024-01-17,2024-01-20,SEIUSDT,WLDUSDT,2.3144573144573144,-0.3458459053004206,0.5427601190372062,True,22,533857844.492,155150883.67855,0.7726,0.706,2.7533,2.5153,0.00023929113412102243,0.25,-0.0026901772164697442,1.0233593346500673,1.0206063166837303,-0.002693802245971672
449,2024-01-19,2024-01-20,2024-01-23,PENDLEUSDT,BIGTIMEUSDT,1.0604589165000475,-0.3455997222704391,0.344704340508546,True,24,23570842.5269,102328936.67265,2.1644,1.995,0.3769,0.3365,0.0289237419583811,0.25,0.004480935489595275,1.0206063166837303,1.0251795877490637,0.00447092598831191
450,2024-01-22,2024-01-23,2024-01-26,PENDLEUSDT,BIGTIMEUSDT,0.682865097443685,-0.4176908429980959,0.28239206184466215,True,23,30641608.5931,81378180.79475,1.995,2.4478,0.3365,0.3335,0.2358827231526066,0.25,0.05622068078815165,1.0251795877490637,1.0828158821024327,0.0546971414702881
451,2024-01-25,2024-01-26,2024-01-29,BSVUSDT,BIGTIMEUSDT,0.3597597597597597,-0.4248016557433597,0.16334166466448877,True,24,100897821.414,74280039.52309999,67.92,71.55,0.3335,0.3507,0.0018710167884254947,0.25,-0.002282245802893626,1.0828158821024327,1.080344630100198,-0.0022848540951108925
458,2024-02-15,2024-02-16,2024-02-19,RIFUSDT,STRAXUSDT,0.5256064690026951,-0.1277658815132049,0.1405885839605838,True,33,4410235.92238,12491349.18465,0.2207,0.21345,0.978,1.028,-0.08397476703146622,0.25,-0.02374369175786656,1.080344630100198,1.0546932602108325,-0.024030116141426913
459,2024-02-18,2024-02-19,2024-02-22,BEAMXUSDT,LOOMUSDT,0.7115486961149546,-0.02747474747474743,0.18889443519242,True,32,19839651.5882855,16331124.200775,0.03216,0.033975,0.09629,0.11621,-0.15043849774391105,0.25,-0.040359624435977765,1.0546932602108325,1.0121262363335664,-0.04119667349113186
460,2024-02-21,2024-02-22,2024-02-25,BEAMXUSDT,ORDIUSDT,1.0116643969447567,0.05158780767759219,0.19771958463960207,True,34,24935185.857805,565865862.46325,0.033975,0.033101,65.975,64.03,0.0037560663182950593,0.25,-0.0018109834204262352,1.0121262363335664,1.010293292500188,-0.0018126252333975248
461,2024-02-24,2024-02-25,2024-02-28,BEAMXUSDT,ARKUSDT,0.9850665707088881,-0.04156397042348181,0.2201838664033423,True,35,34170159.505539,16841706.0897,0.033101,0.036376,0.8553,0.8672,0.08502636226127125,0.25,0.01850659056531781,1.010293292500188,1.0289903768153759,0.018337427518297037
462,2024-02-27,2024-02-28,2024-03-02,BEAMXUSDT,ARKUSDT,1.0233062632105905,-0.012862834376778598,0.25617672577183986,True,38,46202938.006061,14228329.3774,0.036376,0.035453,0.8672,0.9844,-0.16052147435923458,0.25,-0.04288036858980865,1.0289903768153759,0.9848668901821664,-0.043826888643654485
463,2024-03-01,2024-03-02,2024-03-05,SUPERUSDT,TIAUSDT,1.4652546823035184,0.04967923980760536,0.31488981700814805,True,38,41027490.026700005,204719697.55624998,1.408,1.3616,17.0,15.663,0.045692513368983945,0.25,0.008673128342245984,0.9848668901821664,0.9934087671207452,0.008635732833099694
464,2024-03-04,2024-03-05,2024-03-08,1000BONKUSDT,TIAUSDT,2.646467575142553,-0.11653815129652922,0.48292946623743166,True,38,95697003.56269899,205583780.53915,0.03773,0.027063,15.663,16.7084,-0.3494626018370396,0.25,-0.0901156504592599,0.9934087671207452,0.9038870898997278,-0.09443777596442764
465,2024-03-07,2024-03-08,2024-03-11,1000BONKUSDT,TIAUSDT,1.7241795852627337,-0.040717902786868265,0.38352467964805687,True,39,127279701.239631,207060660.2278,0.027063,0.031026,16.7084,16.0574,0.18539853161458242,0.25,0.0435996329036456,0.9038870898997278,0.9432962352057005,0.04267592252074016
466,2024-03-10,2024-03-11,2024-03-14,TOKENUSDT,TIAUSDT,1.7756474941136897,-0.1861429295489102,0.3866762044553583,True,39,18028304.444760002,205618736.94875002,0.08254,0.07956,16.0574,17.2654,-0.11133381926672914,0.25,-0.030583454816682287,0.9432962352057005,0.9144469774175404,-0.031060888269306617
467,2024-03-13,2024-03-14,2024-03-17,TOKENUSDT,TIAUSDT,1.5812520272461885,-0.12295960617160395,0.35903924985498364,True,40,22275934.032065,205618736.94875002,0.07956,0.0628,17.2654,13.7636,-0.007836793794973484,0.25,-0.004709198448743371,0.9144469774175404,0.9101406651300277,-0.004720321658431422
468,2024-03-16,2024-03-17,2024-03-20,FRONTUSDT,AUCTIONUSDT,2.95233500578927,-0.33436245754862615,0.5024291954213864,True,41,18492896.06665,34770562.4261,2.0482,1.3899,21.55,19.446,-0.22377074907717065,0.25,-0.058692687269292665,0.9101406651300277,0.856722063700485,-0.060485611702411915
469,2024-03-19,2024-03-20,2024-03-23,FRONTUSDT,AUCTIONUSDT,1.7094950282706178,-0.41928934010152286,0.3542868350716502,True,41,26047628.949699998,30268190.7103,1.3899,1.2989,19.446,21.464,-0.1692468913177334,0.25,-0.045061722829433354,0.856722063700485,0.8181166915241536,-0.04610857182510379
470,2024-03-22,2024-03-23,2024-03-26,TOKENUSDT,AUCTIONUSDT,2.350337144532395,-0.3044718081659106,0.4630371845338972,True,40,33856591.151365,29703094.59465,0.11429,0.18409,21.464,23.309,0.5247692147670067,0.25,0.12844230369175166,0.8181166915241536,0.92319748407219,0.12083818942148339
471,2024-03-25,2024-03-26,2024-03-29,TOKENUSDT,NTRNUSDT,4.119332406119611,-0.24953531598513012,0.7281509916384712,True,40,45555243.451295,31685142.0532,0.18409,0.17545,1.2923,1.2102,0.016596574956332266,0.25,0.0013991437390830665,0.92319748407219,0.9244891700519668,0.0013981658495141411
472,2024-03-28,2024-03-29,2024-04-01,TOKENUSDT,NTRNUSDT,3.261598251153753,-0.3098728112701763,0.607281251731093,True,40,54310477.878455,28806510.443400003,0.17545,0.18086,1.2102,1.194,0.04422121287946723,0.25,0.008305303219866805,0.9244891700519668,0.9321673329327315,0.0082710039686745
473,2024-03-31,2024-04-01,2024-04-04,TOKENUSDT,USTCUSDT,2.4896817743490836,-0.22198159177043852,0.5230933891184936,True,39,91749974.99479,30707257.88142,0.18086,0.14396,0.02875,0.0253,-0.0840252128718344,0.25,-0.023756303217958602,0.9321673329327315,0.9100224831217057,-0.02404303441037426
474,2024-04-03,2024-04-04,2024-04-07,TOKENUSDT,1000RATSUSDT,1.4927285318559558,-0.5492117353260766,0.4011600276047345,True,39,86878338.37431,85390330.731645,0.14396,0.15185,0.2365,0.28232,-0.13893518107860614,0.25,-0.03748379526965154,0.9100224831217057,0.8759113866735918,-0.03820437687844407
475,2024-04-06,2024-04-07,2024-04-10,POLYXUSDT,BIGTIMEUSDT,1.1957083658146308,-0.40386511536186154,0.31312165415066123,True,39,259490407.20801497,74491709.17535,0.53522,0.53019,0.3022,0.2966,0.009132769762768445,0.25,-0.0004668075593078889,0.8759113866735918,0.8755025046170087,-0.0004669165478756606
476,2024-04-09,2024-04-10,2024-04-13,POLYXUSDT,BIGTIMEUSDT,0.9583687340696687,-0.4874762480566591,0.26669124997507354,True,40,259490407.20801497,63950699.663550004,0.53019,0.43676,0.2966,0.2104,0.11440726149941749,0.25,0.02585181537485437,0.8755025046170087,0.8981358337265902,0.025523306858432813
477,2024-04-12,2024-04-13,2024-04-16,POLYXUSDT,1000RATSUSDT,0.5514865200866692,-0.542965204236006,0.22710306294305152,True,39,264408149.692405,74396102.048845,0.43676,0.45159,0.18123,0.13091,0.3116127989505342,0.25,0.07515319973763354,0.8981358337265902,0.9656336154301707,0.07246316280968872
478,2024-04-15,2024-04-16,2024-04-19,POLYXUSDT,ACEUSDT,1.0302567099761721,-0.5198697375873136,0.30433087239113793,True,37,299280115.626665,41664777.6672675,0.45159,0.45134,5.0871,5.4597,-0.07379768749123661,0.25,-0.021199421872809154,0.9656336154301707,0.9451627410421006,-0.021427356764846275
479,2024-04-18,2024-04-19,2024-04-22,POLYXUSDT,1000RATSUSDT,1.2452989752263455,-0.43981900452488687,0.36248702200919886,True,36,299280115.626665,67576831.738665,0.45134,0.46151,0.12997,0.16898,-0.27761328555666864,0.25,-0.07215332138916716,0.9451627410421006,0.8769661100226237,-0.07488877685995962
480,2024-04-21,2024-04-22,2024-04-25,ONGUSDT,ACEUSDT,1.0035938657375656,-0.40553320125002557,0.2631732125166461,True,36,15168745.38503,32581092.880469,0.73048,0.67413,5.8203,5.4987,-0.0218861741656311,0.25,-0.008221543541407776,0.8769661100226237,0.8697560949647337,-0.008255526822033909
481,2024-04-24,2024-04-25,2024-04-28,ONGUSDT,ACEUSDT,0.6430260047281324,-0.47738612280585035,0.20969505822043114,True,36,28521520.740369998,31519853.970307,0.67413,0.5794,5.4987,5.5831,-0.15587094031231907,0.25,-0.04171773507807977,0.8697560949647337,0.8334718406124498,-0.042612904615819944
483,2024-04-30,2024-05-01,2024-05-04,ONGUSDT,1000RATSUSDT,0.35377380238830747,-0.6316156872699581,0.16888206110231693,True,34,244555377.7844,71009074.750285,0.58723,0.55153,0.11612,0.13114,-0.19014284613230759,0.25,-0.0502857115330769,0.8334718406124498,0.7915601160644695,-0.051594088603781535
484,2024-05-03,2024-05-04,2024-05-07,ONGUSDT,1000RATSUSDT,0.4287971814201703,-0.4453419038355817,0.18349969162232607,True,30,244555377.7844,67576831.738665,0.55153,0.57182,0.13114,0.12396,0.09153921814033039,0.25,0.020134804535082595,0.7915601160644695,0.8074980242791949,0.01993477987254788
485,2024-05-06,2024-05-07,2024-05-10,ONGUSDT,1000RATSUSDT,0.47524573669409964,-0.5609350097396848,0.1913843160945198,True,30,244555377.7844,63755518.67104,0.57182,0.55831,0.12396,0.11875,0.018403371022246984,0.25,0.0018508427555617459,0.8074980242791949,0.8089925761475625,0.001849132056606713
486,2024-05-09,2024-05-10,2024-05-13,ONGUSDT,1000RATSUSDT,0.4006170671750364,-0.513320763997049,0.19659461830412797,True,28,244555377.7844,51341492.14309999,0.55831,0.51261,0.11875,0.1193,-0.08648574598718506,0.25,-0.024371436496796267,0.8089925761475625,0.7892762649516025,-0.02467333518539807
487,2024-05-12,2024-05-13,2024-05-16,ZETAUSDT,ALTUSDT,0.3342391304347827,-0.3587761609719671,0.1943981212735938,True,28,38401858.50655,43463682.335675,1.6198,1.6339,0.31768,0.31673,0.011695208989709216,0.25,0.00017380224742730393,0.7892762649516025,0.7894134429402921,0.00017378714556655123
488,2024-05-15,2024-05-16,2024-05-19,1000BONKUSDT,DYMUSDT,0.6930051813471503,-0.24787029403682326,0.23897715535756348,True,27,297153123.56630397,19708499.35535,0.024833,0.02627,2.737,2.7,0.07138499940288001,0.25,0.01509624985072,0.7894134429402921,0.8013306255104358,0.014983435437046161
489,2024-05-18,2024-05-19,2024-05-22,1000BONKUSDT,PYTHUSDT,0.7851997825496058,-0.27990822681088157,0.23461115485229575,True,25,297153123.56630397,43356126.859699994,0.02627,0.032943,0.4394,0.464,0.19803055313514517,0.25,0.04675763828378629,0.8013306255104358,0.8387989530437728,0.04569742303287159
493,2024-05-30,2024-05-31,2024-06-03,ONDOUSDT,MAVIAUSDT,0.5833109739737055,-0.13372522292270117,0.18740959147232325,True,26,163348424.908315,10916822.568885,1.1803,1.3774,3.0504,3.167,0.1287669477053346,0.25,0.029441736926333645,0.8387989530437728,0.8634946511533717,0.029016652320688997
494,2024-06-02,2024-06-03,2024-06-06,ONDOUSDT,LSKUSDT,0.6704669496664644,-0.1965114418306929,0.18961084755278068,True,26,178498521.288015,21991139.22995,1.3774,1.3815,1.5062,1.5201,-0.006251899486285684,0.25,-0.004312974871571421,0.8634946511533717,0.8597704204212108,-0.0043223025774620375
495,2024-06-05,2024-06-06,2024-06-09,MYROUSDT,LSKUSDT,0.6718816067653279,-0.21448870976076062,0.21628853757629035,True,27,57915492.161495,17470353.52215,0.27672,0.21186,1.5201,1.2919,-0.08426684908493909,0.25,-0.023816712271234775,0.8597704204212108,0.8392935156987202,-0.02410491539621866
496,2024-06-08,2024-06-09,2024-06-12,ONDOUSDT,LSKUSDT,0.5513526747459911,-0.35811180124223607,0.20535486748757115,True,26,186801821.58258498,12574731.569650002,1.2673,1.2724,1.2919,1.2113,0.06641303341550142,0.25,0.013853258353875353,0.8392935156987202,0.8509204656064269,0.013758179069332755
497,2024-06-11,2024-06-12,2024-06-15,ONDOUSDT,AEVOUSDT,0.622386537480877,-0.42087884175768353,0.21285010805444873,True,28,190237488.36177498,156607035.68739998,1.2724,1.2011,0.684,0.6268,0.02758989320729266,0.25,0.004147473301823165,0.8509204656064269,0.8544496355195045,0.004138896241668682
509,2024-07-17,2024-07-18,2024-07-21,OMUSDT,ENAUSDT,0.8396092261312249,-0.3222748815165877,0.22718613277396857,True,27,51013843.1143565,133003021.36335,1.29344,1.33345,0.4576,0.5012,-0.06434670444597446,0.25,-0.018836676111493617,0.8544496355195045,0.8383546444816398,-0.019016346129973483
510,2024-07-20,2024-07-21,2024-07-24,OMUSDT,ETHFIUSDT,0.875311159552774,-0.29502026635784595,0.2427763025097417,True,26,63521740.081268,130406972.9602,1.33345,1.25888,2.436,2.426,-0.05181751645992072,0.25,-0.015704379114980183,0.8383546444816398,0.8251888053118956,-0.015828999320578574
511,2024-07-23,2024-07-24,2024-07-27,OMUSDT,ETHFIUSDT,0.922218320074514,-0.24681775846010556,0.23817913766063373,True,26,64329764.6308815,150004651.33505,1.25888,1.19735,2.426,2.194,0.046753888406439126,0.25,0.008938472101609779,0.8251888053118956,0.8325647324267367,0.008898760425561009
512,2024-07-26,2024-07-27,2024-07-30,OMUSDT,ETHFIUSDT,0.6765616029796826,-0.3175738724727838,0.21921605218093468,True,24,64329764.6308815,166441789.85334998,1.19735,1.17172,2.194,2.136,0.005030129777247816,0.25,-0.001492467555688046,0.8325647324267367,0.8313221565755797,-0.0014935823947692247
513,2024-07-29,2024-07-30,2024-08-02,OMUSDT,ETHFIUSDT,0.6472068727942522,-0.2844221105527638,0.20848833317132065,True,25,64329764.6308815,166441789.85334998,1.17172,1.22705,2.136,1.911,0.15255825777297716,0.25,0.03538956444324429,0.8313221565755797,0.860742285608808,0.03477774666651686
530,2024-09-18,2024-09-19,2024-09-22,SAGAUSDT,NOTUSDT,0.6739011632445937,-0.29451799366026477,0.22764930542580014,True,15,82322749.418945,173870384.0772385,2.1439,2.4336,0.007567,0.007652,0.12389458591761637,0.25,0.02822364647940409,0.860742285608808,0.8850355715877053,0.02783269831238351
531,2024-09-21,2024-09-22,2024-09-25,SAGAUSDT,NOTUSDT,0.8868729161820577,-0.28628731343283587,0.2809242315167307,True,15,104757366.644075,173870384.0772385,2.4336,2.3558,0.007652,0.00785,-0.05784468735833903,0.25,-0.01721117183958476,0.8850355715877053,0.8698030722809642,-0.017361005757866758
532,2024-09-24,2024-09-25,2024-09-28,TAOUSDT,NOTUSDT,0.5772560486182778,-0.18373713216179688,0.21492098791261385,True,15,63852570.339955,157366674.230203,550.17,549.31,0.00785,0.009977,-0.2725185672199296,0.25,-0.07087964180498241,0.8698030722809642,0.8081517420768163,-0.07351699183774492
533,2024-09-27,2024-09-28,2024-10-01,TAOUSDT,NOTUSDT,0.8409974527416542,0.12126320521465495,0.2145852383505769,True,15,63852570.339955,157366674.230203,549.31,577.88,0.009977,0.008444,0.20566410716467087,0.25,0.048666026791167716,0.8081517420768163,0.8474812764080556,0.04751890578772141
534,2024-09-30,2024-10-01,2024-10-04,SAGAUSDT,NOTUSDT,1.133185525378098,0.007877775125328279,0.31621327158199153,True,14,162112428.836605,162738975.49553102,2.6943,2.1344,0.008444,0.00712,-0.05101135222870723,0.25,-0.01550283805717681,0.8474812764080556,0.834342911423412,-0.015624263646753143
535,2024-10-03,2024-10-04,2024-10-07,TAOUSDT,NOTUSDT,1.0059771414724765,-0.09414758269720114,0.30891810334674585,True,13,125277047.395715,162738975.49553102,496.69,634.36,0.00712,0.007735,0.19079849332921017,0.25,0.04494962333230254,0.834342911423412,0.871846311021871,0.043968676917253785
536,2024-10-06,2024-10-07,2024-10-10,TAOUSDT,NOTUSDT,1.7442031493337948,0.05252415294597901,0.4563338760098689,True,12,195328116.90166998,151983670.9049755,634.36,569.52,0.007735,0.007386,-0.05709366800749327,0.25,-0.01702341700187332,0.871846311021871,0.8570045077078008,-0.017169981094174395
537,2024-10-09,2024-10-10,2024-10-13,TURBOUSDT,NOTUSDT,0.7304359107420861,-0.11311239193083578,0.22579360212878266,True,10,107968729.20446256,153019697.508972,0.006669,0.0092325,0.007386,0.007879,0.31764256190268414,0.25,0.07666064047567103,0.8570045077078008,0.9227030221592181,0.07386425146937174
538,2024-10-12,2024-10-13,2024-10-16,TURBOUSDT,NOTUSDT,1.541756124415084,0.013767370046320115,0.4405960154532731,True,10,130108715.6274656,151944924.85799348,0.0092325,0.0123284,0.007879,0.00865,0.23747123523828662,0.25,0.05661780880957165,0.9227030221592181,0.9749444454558427,0.05507306043243499
539,2024-10-15,2024-10-16,2024-10-19,TURBOUSDT,ZROUSDT,2.270238726790451,0.10719095071370854,0.6815380134689024,True,9,182068651.55042154,106030035.069755,0.0123284,0.0103471,4.1105,3.8908,-0.107261744452266,0.25,-0.0295654361130665,0.9749444454558427,0.9461197877399289,-0.030011303801393285
540,2024-10-18,2024-10-19,2024-10-22,MEWUSDT,IOUSDT,1.0407620735489589,-0.09134615384615397,0.40921554394157783,True,9,140984307.48298252,83341484.1784,0.009212,0.009247,1.891,1.855,0.022836938369078408,0.25,0.002959234592269602,0.9461197877399289,0.9489195781442396,0.002954864676531415
541,2024-10-21,2024-10-22,2024-10-25,MEWUSDT,BBUSDT,0.8256663376110562,-0.13749338974087777,0.3315283128253303,True,9,141065689.904654,25543175.9677,0.009247,0.011253,0.3262,0.3073,0.2748751363973283,0.25,0.06596878409933207,0.9489195781442396,1.0115186489224663,0.06388404210600981
542,2024-10-24,2024-10-25,2024-10-28,MEWUSDT,BBUSDT,0.9283755997258396,-0.17129754518478557,0.3590676508863532,True,10,161458979.876334,23278394.5132,0.011253,0.01,0.3073,0.2794,-0.02055732673839672,0.25,-0.00788933168459918,1.0115186489224663,1.0035384427959595,-0.007920617117892246
543,2024-10-27,2024-10-28,2024-10-31,MEWUSDT,ZROUSDT,0.6369291209690622,-0.3239711176973724,0.31813922303923436,True,10,175990525.7402995,56334418.66889,0.01,0.009553,3.3985,3.5867,-0.10007737237016334,0.25,-0.027769343092540838,1.0035384427959595,0.9756708394714043,-0.0281622013280861
544,2024-10-30,2024-10-31,2024-11-03,MEWUSDT,RENDERUSDT,0.6668993194904904,-0.22724448586517554,0.31524839148872397,True,9,191763710.4295385,39270742.566,0.009553,0.008777,4.975,4.6,-0.005854142480433255,0.25,-0.004213535620108314,0.9756708394714043,0.9715598156357906,-0.004222437575924552
545,2024-11-02,2024-11-03,2024-11-06,MEWUSDT,ZROUSDT,0.8271913387466168,-0.19627354419454746,0.34115555294254574,True,9,207737376.356489,47515181.433325,0.008777,0.00853,3.1662,3.0954,-0.005780544007587651,0.25,-0.004195136001896913,0.9715598156357906,0.9674839900752206,-0.004203960272925968
546,2024-11-05,2024-11-06,2024-11-09,TURBOUSDT,ZROUSDT,0.40558785249457685,-0.268861907686493,0.23888764977670865,True,9,225105767.85442823,44445555.482875004,0.0080997,0.0085464,3.0954,3.6346,-0.11904377449093584,0.25,-0.03251094362273396,0.9674839900752206,0.9360301726179874,-0.03305116538014066
547,2024-11-08,2024-11-09,2024-11-12,MEWUSDT,NOTUSDT,0.6108915993815496,-0.1550230165177363,0.22121983751254362,True,9,190879094.6169045,96711848.7777995,0.009379,0.011498,0.006242,0.007871,-0.035043777028305634,0.25,-0.011510944257076411,0.9360301726179874,0.9252555814780401,-0.011577708013005153
548,2024-11-11,2024-11-12,2024-11-15,MEWUSDT,TURBOUSDT,0.68478898007034,-0.01719694180329634,0.22609980986858896,True,8,214543139.054038,236799718.47765774,0.011498,0.010144,0.0090753,0.0087614,-0.08317122210437344,0.25,-0.023542805526093363,0.9252555814780401,0.9034724692613701,-0.02382436529041632
552,2024-11-23,2024-11-24,2024-11-27,BRETTUSDT,SYNUSDT,0.5960388273360135,-0.2519480519480519,0.22250319372035096,True,18,26355299.78756,9618373.80335,0.16286,0.16553,0.4897,0.5577,-0.12246607763298623,0.25,-0.03336651940824656,0.9034724692613701,0.8733267375809443,-0.03393588268730778
553,2024-11-26,2024-11-27,2024-11-30,BRETTUSDT,TURBOUSDT,0.7870180365050219,-0.27652943724315693,0.23422987692787967,True,21,46586408.028325,163900264.48154086,0.16553,0.17412,0.0068495,0.0078548,-0.09487592070379303,0.25,-0.02646898017594826,0.8733267375809443,0.8502106694767887,-0.026825590451494463
554,2024-11-29,2024-11-30,2024-12-03,BRETTUSDT,POPCATUSDT,0.7935723114956736,-0.1978958504760785,0.24026968041352592,True,21,47704161.593954995,272399181.81605005,0.17412,0.19972,1.3647,1.2182,0.25437464084699,0.25,0.0608436602117475,0.8502106694767887,0.9019405985588368,0.05906449741900535
555,2024-12-02,2024-12-03,2024-12-06,BRETTUSDT,POPCATUSDT,1.4295097919961073,-0.1754112788572203,0.36600881567020366,True,22,62495598.06566,272399181.81605005,0.19972,0.19864,1.2182,1.3492,-0.11294327902110068,0.25,-0.030985819755275174,0.9019405985588368,0.8739932297419277,-0.03147603330296034
556,2024-12-05,2024-12-06,2024-12-09,BRETTUSDT,NEIROETHUSDT,1.4733565737051793,0.03045550847457612,0.3809280144012363,True,25,68546908.29671,126835649.69653,0.19864,0.21008,0.07785,0.08142,0.01173420492489563,0.25,0.00018355123122390754,0.8739932297419277,0.8741536522753282,0.0001835343877576411
557,2024-12-08,2024-12-09,2024-12-12,BRETTUSDT,NEIROETHUSDT,1.3043001316366825,-0.19154006553470349,0.34532573674613226,True,26,68546908.29671,117392173.41306,0.21008,0.18309,0.08142,0.06546,0.06754576703348025,0.25,0.01413644175837006,0.8741536522753282,0.8865110744685848,0.014037454063993355
558,2024-12-11,2024-12-12,2024-12-15,ZROUSDT,NEIROETHUSDT,0.6755673575766517,-0.3476180984652182,0.25636901399181106,True,26,94278844.80551,111339718.72674,6.8147,6.4266,0.06546,0.05789,0.05869272483693,0.25,0.011923181209232497,0.8865110744685848,0.8970811066534651,0.01185266008810826
559,2024-12-14,2024-12-15,2024-12-18,ZROUSDT,POPCATUSDT,0.8832459045218766,-0.34406535319557907,0.29045745318948935,True,28,86678007.382805,241627057.97430003,6.4266,6.5699,1.0919,1.0415,0.06845602223246594,0.25,0.014364005558116483,0.8970811066534651,0.9099667846555167,0.014261820591496076
560,2024-12-17,2024-12-18,2024-12-21,KDAUSDT,POPCATUSDT,0.9379893517068589,-0.4535390104412613,0.31523768101567673,True,29,31017919.978699997,195041118.04735,1.2378,1.0234,1.0415,0.7931,0.06529162552581369,0.25,0.01357290638145342,0.9099667846555167,0.9223176786338781,0.013481619578205315
561,2024-12-20,2024-12-21,2024-12-24,UXLINKUSDT,POPCATUSDT,1.1118387041185591,-0.4751885668916237,0.3274875409815895,True,30,45018895.57445,195041118.04735,1.2255,1.4692,0.7931,0.8147,0.17162270811781832,0.25,0.04015567702945458,0.9223176786338781,0.9593539694556565,0.03937039140233198
562,2024-12-23,2024-12-24,2024-12-27,UXLINKUSDT,POPCATUSDT,1.5495401700503209,-0.44981764149669046,0.3450850717174857,True,32,68970129.18335,184885127.0999,1.4692,2.019,0.8147,0.7294,0.4789183780700469,0.25,0.11697959451751172,0.9593539694556565,1.0715788078013446,0.11062825180696045
563,2024-12-26,2024-12-27,2024-12-30,UXLINKUSDT,NEIROUSDT,2.618706325031356,-0.45401822700911354,0.49550030772086784,True,34,198642920.456,551676208.0981115,2.019,1.6129,0.0009227,0.0009214,-0.19973026917310366,0.25,-0.05268256729327592,1.0715788078013446,1.015125285149302,-0.054121043750470596
564,2024-12-29,2024-12-30,2025-01-02,UXLINKUSDT,NEIROUSDT,1.3302513724357121,-0.5246569689466625,0.30266102461993744,True,35,372229791.75575,529101145.81218576,1.6129,1.4516,0.0009214,0.0009821,-0.16588421173369383,0.25,-0.04422105293342346,1.015125285149302,0.9702353761806581,-0.04522861958560816
565,2025-01-01,2025-01-02,2025-01-05,UXLINKUSDT,NEIROUSDT,1.2734534064213001,-0.46415320820602357,0.2802294620509079,True,37,423934650.46255,447954872.8424649,1.4516,1.6656,0.0009821,0.0010911,0.03643687141749696,0.25,0.00635921785437424,0.9702353761806581,0.9764053143078117,0.006339083343260647
566,2025-01-04,2025-01-05,2025-01-08,UXLINKUSDT,COSUSDT,1.518221684560714,-0.46642810670136625,0.3152060405664374,True,37,442611014.84005,10934108.876617499,1.6656,1.6001,0.008202,0.007439,0.05370092308968,0.25,0.010675230772419997,0.9764053143078117,0.986828666365465,0.010618652795526755
567,2025-01-07,2025-01-08,2025-01-11,UXLINKUSDT,POPCATUSDT,1.3773584905660377,-0.5341463414634147,0.29479460729763224,True,37,488808306.49144995,148456260.11645,1.6001,1.2866,0.7067,0.5344,0.04788399960887546,0.25,0.009220999902218863,0.986828666365465,0.9959282134015276,0.009178746032619353
568,2025-01-10,2025-01-11,2025-01-14,UXLINKUSDT,POPCATUSDT,1.2112046743426705,-0.5741611540607316,0.27085471253959953,True,37,488808306.49144995,144450954.09895003,1.2866,1.1597,0.5344,0.5552,-0.13755420916289607,0.25,-0.03713855229072402,0.9959282134015276,0.9589408813703075,-0.037845753226413974
584,2025-02-27,2025-02-28,2025-03-03,BANUSDT,SLERFUSDT,0.8422619047619049,-0.5340277777777778,0.22536995140604282,True,49,70979096.19535,3043734.27565,0.062,0.0622,0.0672,0.0853,-0.2661194316436253,0.25,-0.06927985791090632,0.9589408813703075,0.8925055933640134,-0.07179664615391848
585,2025-03-02,2025-03-03,2025-03-06,BANUSDT,GOATUSDT,0.9021406727828745,-0.479313824419778,0.24454765921712948,True,49,70979096.19535,47541168.5668,0.0622,0.057,0.1033,0.0738,0.2019747060819329,0.25,0.047743676520483225,0.8925055933640134,0.9351170917063069,0.04663897251061356
586,2025-03-05,2025-03-06,2025-03-09,NEIROETHUSDT,GOATUSDT,1.2797953964194373,-0.49589603283173733,0.2897707176306699,True,49,16638852.74922,46704397.0045,0.04458,0.03584,0.0738,0.0614,-0.028030361057311826,0.25,-0.009757590264327959,0.9351170917063069,0.9259926022762667,-0.009805507507546336
591,2025-03-20,2025-03-21,2025-03-24,1000XUSDT,RAYSOLUSDT,1.1983777111620526,-0.6002027871442382,0.2947741170139634,True,57,3322209.89953,35141076.508965,0.12469,0.08789,1.6953,1.7759,-0.342675134871259,0.25,-0.08841878371781475,0.9259926022762667,0.8441174626513049,-0.09257458704208969
592,2025-03-23,2025-03-24,2025-03-27,1000CHEEMSUSDT,RAYSOLUSDT,0.8597118284373952,-0.5852137351086195,0.30047525359156796,True,57,21073066.46424535,28954242.865735,0.0016649,0.0018055,1.7759,1.9923,-0.037404191491576144,0.25,-0.012101047872894038,0.8441174626513049,0.8339027568254157,-0.01217486163972552
593,2025-03-26,2025-03-27,2025-03-30,1000CHEEMSUSDT,KOMAUSDT,1.0827085015572733,-0.40196882690730096,0.2862804683817679,True,56,22026583.126994,7212174.613849999,0.0018055,0.0016109,0.03646,0.02722,0.14564663680018364,0.25,0.03366165920004591,0.8339027568254157,0.8619733072316516,0.03310750706572955
594,2025-03-29,2025-03-30,2025-04-02,1000CHEEMSUSDT,SCRUSDT,1.0140035008752184,-0.5126322977125299,0.25592778361196683,True,55,23821336.9448181,8045003.758649999,0.0016109,0.0016848,0.2856,0.2772,0.07528674142697,0.25,0.0160716853567425,0.8619733072316516,0.8758266710113893,0.01594390312078729
595,2025-04-01,2025-04-02,2025-04-05,1000CHEEMSUSDT,ACTUSDT,0.937442502299908,-0.6129694135611012,0.2639384647840807,True,54,28687420.2569478,46723212.88598,0.0016848,0.0016248,0.08111,0.05588,0.2754465199909659,0.25,0.06611162999774148,0.8758266710113893,0.9337289998274481,0.0640180388330361
596,2025-04-04,2025-04-05,2025-04-08,1000CHEEMSUSDT,ACTUSDT,0.9393794749403341,-0.712810235856328,0.26745707922198453,True,58,32963485.4728246,46723212.88598,0.0016248,0.0015633,0.05588,0.05613,-0.04232468499178976,0.25,-0.013331171247947443,0.9337289998274481,0.9212812986315736,-0.013420829031785646
597,2025-04-07,2025-04-08,2025-04-11,FARTCOINUSDT,ACTUSDT,1.3316477033291192,-0.7063624947676852,0.29406664959742873,True,61,362206647.79599,46723212.88598,0.5534,0.7544,0.05613,0.05437,0.3945650331195245,0.25,0.09589125827988113,0.9212812986315736,1.0096241215870783,0.09156796670558318
598,2025-04-10,2025-04-11,2025-04-14,FARTCOINUSDT,ACTUSDT,1.8768115942028984,-0.7249038656142481,0.3665341669653001,True,63,407117630.11203,43378969.2251,0.7544,0.8023,0.05437,0.05386,0.07287434043983243,0.25,0.015468585109958105,1.0096241215870783,1.0252415782409146,0.015350166168319157
599,2025-04-13,2025-04-14,2025-04-17,FARTCOINUSDT,TROYUSDT,1.8240056318197815,-0.8614840989399293,0.4161105147572239,True,63,475858941.77442,7005351.005311,0.8023,0.8984,0.000196,0.000187,0.16569899803371424,0.25,0.03867474950842856,1.0252415782409146,1.064892539465008,0.03794562125019182
600,2025-04-16,2025-04-17,2025-04-20,FARTCOINUSDT,TROYUSDT,1.7868445547626437,-0.8633040935672515,0.38205276769696506,True,65,522169645.40208,5660637.582427,0.8984,0.8143,0.000187,0.000187,-0.0936108637577916,0.25,-0.0261527159394479,1.064892539465008,1.0370427073743422,-0.02650078017847254
601,2025-04-19,2025-04-20,2025-04-23,ALCHUSDT,TROYUSDT,1.7902502801643632,-0.8547008547008547,0.36610281305796516,True,69,108712861.93540001,5244486.807593,0.14938,0.19635,0.000187,0.000187,0.3144329896907214,0.25,0.07585824742268035,1.0370427073743422,1.1157109496582314,0.07311871274758124
602,2025-04-22,2025-04-23,2025-04-26,ALCHUSDT,TROYUSDT,1.9505560565073639,-0.8493150684931507,0.35149312781645814,True,69,108712861.93540001,4938838.8759725,0.19635,0.15981,0.000187,0.000187,-0.18609625668449192,0.25,-0.04927406417112298,1.1157109496582314,1.0607353367283472,-0.0505294432183842
603,2025-04-25,2025-04-26,2025-04-29,FARTCOINUSDT,TROYUSDT,0.9697549770290963,-0.8517049960348929,0.2840237799352445,True,69,715813778.4484551,4644710.474886,1.029,1.0942,0.000187,0.000187,0.06336248785228382,0.25,0.013090621963070953,1.0607353367283472,1.0746210220243286,0.013005680261450256
604,2025-04-28,2025-04-29,2025-05-02,ALCHUSDT,TROYUSDT,1.950940170940171,-0.8186226964112512,0.4731792052317532,True,68,97990527.32929501,3045097.1475255,0.17261,0.177,0.000187,0.000187,0.02543305718092803,0.25,0.003608264295232008,1.0746210220243286,1.0784985386890047,0.0036017701267158355
605,2025-05-01,2025-05-02,2025-05-05,VIRTUALUSDT,MOVEUSDT,1.7390504847876969,-0.5477178423236515,0.4405227486299997,True,68,42833257.546275,79278895.81475,1.6387,1.6366,0.1852,0.1722,0.06891288081831715,0.25,0.014478220204579284,1.0784985386890047,1.094113278022461,0.014374411551141046
606,2025-05-04,2025-05-05,2025-05-08,AVAAIUSDT,MOVEUSDT,2.8766380478987803,-0.5468421052631579,0.5425138411465896,True,67,22088857.147005,82462011.4023,0.08581,0.08125,0.1722,0.1573,0.03338663424758348,0.25,0.00559665856189587,1.094113278022461,1.1002366564675892,0.005581055458125268
607,2025-05-07,2025-05-08,2025-05-11,AVAAIUSDT,MOVEUSDT,3.288278775079198,-0.5210109622411694,0.6340427205941408,True,65,24716447.79689,86279009.86225,0.08125,0.09119,0.1573,0.2071,-0.19425403687221876,0.25,-0.05131350921805469,1.1002366564675892,1.0437796526538978,-0.052676892400149375
608,2025-05-10,2025-05-11,2025-05-14,AVAAIUSDT,MOVEUSDT,3.6250634195839684,-0.35652173913043483,0.8099824917942946,True,63,29338011.187799998,89259181.6249,0.09119,0.07939,0.2071,0.229,-0.23514616994279547,0.25,-0.06153654248569887,1.0437796526538978,0.9795490617126532,-0.06351136083212854
609,2025-05-13,2025-05-14,2025-05-17,CHILLGUYUSDT,LAYERUSDT,4.567015706806282,-0.38118121221516044,0.9152378980120415,True,60,51999058.404285,167494131.346605,0.10634,0.07941,1.1976,1.0607,-0.13893235345369448,0.25,-0.03748308836342362,0.9795490617126532,0.9428325376761691,-0.03820364244304982
610,2025-05-16,2025-05-17,2025-05-20,CHILLGUYUSDT,LAYERUSDT,2.9512437810945276,-0.4908567314614831,0.6535396161331489,True,62,65420903.85939,159002225.307355,0.07941,0.08215,1.0607,0.9573,0.13198726485078316,0.25,0.030246816212695787,0.9428325376761691,0.9713502201626099,0.029798400926453764
611,2025-05-19,2025-05-20,2025-05-23,CHILLGUYUSDT,LAYERUSDT,2.824953445065177,-0.5456573327005221,0.6253429024843287,True,62,67477075.592955,159002225.307355,0.08215,0.10859,0.9573,0.9767,0.3015849443164704,0.25,0.0726462360791176,0.9713502201626099,1.0419151575720456,0.07012871318164901
612,2025-05-22,2025-05-23,2025-05-26,CHILLGUYUSDT,LAYERUSDT,2.5911346344690704,-0.5006391573349696,0.5534611435798957,True,61,75398034.44188,159002225.307355,0.10859,0.08775,0.9767,1.0015,-0.21730616579300754,0.25,-0.05707654144825189,1.0419151575720456,0.9824462438953228,-0.05877016766869985
613,2025-05-25,2025-05-26,2025-05-29,CHILLGUYUSDT,LAYERUSDT,2.042649098474341,-0.6066687612913361,0.42162802727443255,True,59,75398034.44188,152711078.82228,0.08775,0.08014,1.0015,0.9118,0.0028420047990692643,0.25,-0.0020394988002326838,0.9824462438953228,0.9804425459596051,-0.0020415814100460256
614,2025-05-28,2025-05-29,2025-06-01,KAITOUSDT,LAYERUSDT,1.323800342759212,-0.6921388532450867,0.3075168447285995,True,56,214987174.607305,109424399.88512999,2.1697,1.961,0.9118,0.7819,0.04627703980553399,0.25,0.008819259951383496,0.9804425459596051,0.989089323639819,0.008780597428615217
615,2025-05-31,2025-06-01,2025-06-04,KAITOUSDT,LAYERUSDT,1.1396617566830334,-0.7453183520599251,0.2832482210271557,True,56,249241881.012895,83708197.01664999,1.961,1.836,0.7819,0.8261,-0.1202719561699983,0.25,-0.03281798904249958,0.989089323639819,0.9566294010545542,-0.03336857894726088
616,2025-06-03,2025-06-04,2025-06-07,KAITOUSDT,LAYERUSDT,1.3001753946379355,-0.7472305526654017,0.3299041099619097,True,54,249241881.012895,67318778.57468,1.836,1.6487,0.8261,0.7273,0.017582861064101785,0.25,0.001645715266025446,0.9566294010545542,0.9582037406637984,0.0016443625605656615
617,2025-06-06,2025-06-07,2025-06-10,SPXUSDT,AVAAIUSDT,1.1304950495049506,-0.5785520807682838,0.2528867043833214,True,53,32491599.331100002,31687740.29232,1.0761,1.4156,0.03423,0.04163,0.09930649199754882,0.25,0.022076622999387202,0.9582037406637984,0.9793576434030357,0.02183646255174794
618,2025-06-09,2025-06-10,2025-06-13,ANIMEUSDT,AVAAIUSDT,0.9851485148514854,-0.5434401053093463,0.2398664107499109,True,47,51751406.86625,26631881.12713,0.0441,0.02667,0.04163,0.0304,-0.12548070873797512,0.25,-0.03412017718449378,0.9793576434030357,0.9459417870831358,-0.03471585953210014
621,2025-06-18,2025-06-19,2025-06-22,BIDUSDT,GRIFFAINUSDT,0.68429820907955,-0.5777386885566305,0.24670358364781755,True,46,10445849.63881,26150060.280575,0.08092,0.09765,0.04321,0.0353,0.38980688181721346,0.25,0.09470172045430336,0.9459417870831358,1.0355241017695271,0.09048192474886561
622,2025-06-21,2025-06-22,2025-06-25,BIDUSDT,AVAAIUSDT,1.0134048257372652,-0.694850603941513,0.3000704746583883,True,48,23173514.188025,16419723.712625,0.09765,0.11274,0.02402,0.02879,-0.044053022890550686,0.25,-0.013763255722637674,1.0355241017695271,1.0212719187499184,-0.013858847442301944
623,2025-06-24,2025-06-25,2025-06-28,BIDUSDT,SIRENUSDT,1.7627450980392156,-0.7045514511873351,0.4529212981118378,True,49,45131321.560885,5054531.783425,0.11274,0.11958,0.04482,0.04944,-0.042408413145218704,0.25,-0.013352103286304678,1.0212719187499184,1.007635790607367,-0.013442044114076122
624,2025-06-27,2025-06-28,2025-07-01,BIDUSDT,SIRENUSDT,1.9227383863080685,-0.6791901888261631,0.4387005094589435,True,51,60222667.48995,5512059.46784,0.11958,0.14478,0.04944,0.05207,0.1575417886551147,0.25,0.03663544716377867,1.007635790607367,1.0445509783744955,0.03598032179346127
625,2025-06-30,2025-07-01,2025-07-04,BIDUSDT,SIRENUSDT,3.2806031933766997,-0.6568717881143761,0.6365711167688786,True,52,69747146.339795,5072404.565125,0.14478,0.16137,0.05207,0.04205,0.30702091314323854,0.25,0.07400522828580963,1.0445509783744955,1.121853211985266,0.07139486412492616
626,2025-07-03,2025-07-04,2025-07-07,FUNUSDT,SIRENUSDT,2.2859654263111633,-0.7325573999872799,0.5736772850572225,True,49,49167226.2069365,5811821.80577,0.011215,0.013108,0.04205,0.04695,0.05226385377575804,0.25,0.010315963443939508,1.121853211985266,1.1334262087095721,0.010263117023482761
627,2025-07-06,2025-07-07,2025-07-10,FUNUSDT,SIRENUSDT,2.8302162478082993,-0.6921765361663059,0.6578374124670621,True,50,164159073.332317,6048774.7813099995,0.013108,0.013345,0.04695,0.04873,-0.019832111567276378,0.25,-0.007708027891819094,1.1334262087095721,1.1246897278795198,-0.007737888280920348
628,2025-07-09,2025-07-10,2025-07-13,BANANAS31USDT,SIRENUSDT,3.0029292107404393,-0.6850475143836059,0.6851475556822494,True,45,103262155.77000299,6048774.7813099995,0.024597,0.01544,0.04873,0.04847,-0.36694565023516656,0.25,-0.09448641255879164,1.1246897278795198,1.0184218302504604,-0.09925299631436584
629,2025-07-12,2025-07-13,2025-07-16,FUNUSDT,SIRENUSDT,3.12375859434683,-0.6599789547527184,0.5828359304061141,True,49,205575670.90356898,5203261.910134999,0.016194,0.021898,0.04847,0.0492,0.33716835830991765,0.25,0.08154208957747941,1.0184218302504604,1.1014660743604041,0.0783878834322286
630,2025-07-15,2025-07-16,2025-07-19,FUNUSDT,SIRENUSDT,5.261652845295968,-0.6619495775228412,0.7719051869475452,True,52,257571110.600098,4641843.875975,0.021898,0.019545,0.0492,0.05397,-0.20440395492182162,0.25,-0.05385098873045541,1.1014660743604041,1.042151037203043,-0.055355205136540006
631,2025-07-18,2025-07-19,2025-07-22,FUNUSDT,SIRENUSDT,3.546533271288972,-0.6033076074972437,0.598847206470349,True,48,234118006.9218795,3990241.12371,0.019545,0.01688,0.05397,0.05593,-0.17266848030037452,0.25,-0.04591712007509363,1.042151037203043,0.9942984628914074,-0.04700473507581374
632,2025-07-21,2025-07-22,2025-07-25,HYPERUSDT,BMTUSDT,2.765199161425577,-0.2639488409272581,0.5428170641429552,True,50,7956346.80745,16168569.242945,0.3592,0.4456,0.09207,0.08542,0.3127621740309433,0.25,0.07544054350773582,0.9942984628914074,1.0693088793408416,0.07273038554547012
633,2025-07-24,2025-07-25,2025-07-28,HYPERUSDT,PUMPUSDT,3.3696078431372554,-0.9437154989384289,0.5934622921080429,True,49,37838529.14515,75901608.6187825,0.4456,0.4598,0.002652,0.002633,0.03903154964513078,0.25,0.0070078874112826945,1.0693088793408416,1.076802475575147,0.0069834462889509855
634,2025-07-27,2025-07-28,2025-07-31,HYPERUSDT,PUMPUSDT,3.8502109704641354,-0.9440976645435244,0.6462323051606764,True,51,69009217.7404,449770557.40591145,0.4598,0.4406,0.002633,0.002759,-0.08961144453069725,0.25,-0.025152861132674315,1.076802475575147,1.0497178124396855,-0.025474600924557174
635,2025-07-30,2025-07-31,2025-08-03,DOLOUSDT,PUMPUSDT,3.526075290242023,-0.9414225053078557,0.7405146914407639,True,54,4256649.2320845,582490201.307265,0.17038,0.12793,0.002759,0.002775,-0.2549481637553156,0.25,-0.0664870409388289,1.0497178124396855,0.9799251812697902,-0.068800433867289
636,2025-08-02,2025-08-03,2025-08-06,HYPERUSDT,PUMPUSDT,2.479638009049774,-0.9410828025477707,0.5936675427158725,True,55,121001553.43605,618906655.5531955,0.3845,0.4038,0.002775,0.00325,-0.12097611265361574,0.25,-0.03299402816340394,0.9799251812697902,0.9475935022409461,-0.03355060791544435
637,2025-08-05,2025-08-06,2025-08-09,DOLOUSDT,PUMPUSDT,3.401865983692243,-0.9309978768577495,0.7165819571929364,True,61,29072508.6102575,655220231.9586124,0.168469,0.194163,0.00325,0.003379,0.11282239827733664,0.25,0.02545559956933416,0.9475935022409461,0.9717150629884945,0.025137001219832755
638,2025-08-08,2025-08-09,2025-08-12,DOLOUSDT,PUMPUSDT,3.327397535046469,-0.9282802547770701,0.7718295840962665,True,61,30301354.0407955,655220231.9586124,0.194163,0.243645,0.003379,0.003437,0.23768288936098103,0.25,0.056670722340245255,0.9717150629884945,1.0267828575169493,0.05512313739060195
639,2025-08-11,2025-08-12,2025-08-15,DOLOUSDT,BANANAS31USDT,3.4099250732978605,-0.5335146687390713,0.6410272700974983,True,62,35502593.1218805,39176664.097416,0.243645,0.202281,0.007203,0.006801,-0.11396151478368544,0.25,-0.03124037869592136,1.0267828575169493,0.9947057722096396,-0.03173876669517263
640,2025-08-14,2025-08-15,2025-08-18,AIOTUSDT,FUNUSDT,2.8461631056274457,-0.5663789560213728,0.643477094602494,True,60,10583114.951960001,50596542.0873,0.6394,0.99568,0.009496,0.009322,0.5755333889000297,0.25,0.14113334722500742,0.9947057722096396,1.1350919273456217,0.1320219327848937
641,2025-08-17,2025-08-18,2025-08-21,DOLOUSDT,FUNUSDT,2.5691524673600354,-0.5229005680364363,0.6036995687243836,True,58,35502593.1218805,40282525.0815375,0.209759,0.228448,0.009322,0.0095,0.07000287318013321,0.25,0.0147507182950333,1.1350919273456217,1.1518353486048634,0.014642984590803588
642,2025-08-20,2025-08-21,2025-08-24,AIOTUSDT,BROCCOLI714USDT,2.795592912312585,-0.47401824672748916,0.6113365912563181,True,60,10583114.951960001,7348264.794539999,1.67054,1.61867,0.02653,0.02742,-0.06459676817747229,0.25,-0.018899192044368074,1.1518353486048634,1.1300665911480885,-0.019080064292967897
643,2025-08-23,2025-08-24,2025-08-27,AIOTUSDT,BROCCOLI714USDT,3.8859514108948243,-0.46837407838571987,0.686181961107359,True,61,10583114.951960001,6356780.68407,1.61867,1.8087,0.02742,0.02487,0.2103966639602367,0.25,0.049849165990059174,1.1300665911480885,1.1863994682300498,0.048646502412536964
644,2025-08-26,2025-08-27,2025-08-30,AIOTUSDT,BROCCOLI714USDT,3.163482344275126,-0.5288206295032234,0.523777511119896,True,63,13005084.394195,5569316.56303,1.8087,1.7054,0.02487,0.02395,-0.020120483205319784,0.25,-0.007780120801329946,1.1863994682300498,1.1771691370485864,-0.007810543840517991
645,2025-08-29,2025-08-30,2025-09-02,AIOTUSDT,BROCCOLI714USDT,3.152730105406656,-0.5239705589814999,0.5048514112593239,True,65,23129736.941524997,4763663.20061,1.7054,1.4872,0.02395,0.02299,-0.08786301550300857,0.25,-0.024715753875752144,1.1771691370485864,1.148074514387162,-0.025026315985802548
646,2025-09-01,2025-09-02,2025-09-05,AIOTUSDT,BROCCOLI714USDT,2.8713623822166694,-0.5312945973496432,0.47760276076421876,True,66,23129736.941524997,4013790.528715,1.4872,1.5255,0.02299,0.02305,0.02314326269975875,0.25,0.0030358156749396873,1.148074514387162,1.1515598569939374,0.0030312168915552465
647,2025-09-04,2025-09-05,2025-09-08,AIOTUSDT,ASRUSDT,2.671583608056405,-0.5342250196695515,0.4427634256993994,True,69,30810621.268645,32830734.328199998,1.5255,1.5855,2.367,2.539,-0.03333445495025633,0.25,-0.011083613737564085,1.1515598569939374,1.138796412343332,-0.011145494651913742
648,2025-09-07,2025-09-08,2025-09-11,AIOTUSDT,ASRUSDT,1.9795350760152592,-0.6773824650571791,0.3481813675056174,True,70,37482763.234435,30527722.66365,1.5855,1.423,2.539,2.508,-0.0902817963453505,0.25,-0.025320449086337626,1.138796412343332,1.1099615757648886,-0.025646527736285202
649,2025-09-10,2025-09-11,2025-09-14,AIOTUSDT,ASRUSDT,1.8442934239456328,-0.6292682926829268,0.33973121027207526,True,72,39027934.278355,27689112.2242,1.423,1.4923,2.508,2.639,-0.003532925138502563,0.25,-0.0036332312846256406,1.1099615757648886,1.1059288286430873,-0.003639847499764131
650,2025-09-13,2025-09-14,2025-09-17,JELLYJELLYUSDT,ASRUSDT,1.605681271064035,-0.5214868540344515,0.38983624020268803,True,73,13605746.075385,17404442.0163,0.05413,0.05018,2.639,2.479,-0.012343447528219809,0.25,-0.005835861882054952,1.1059288286430873,1.0994747807477434,-0.005852957066544911
651,2025-09-16,2025-09-17,2025-09-20,MYXUSDT,ASRUSDT,5.3980831383038,-0.45492524186455585,0.7170009646781406,True,73,214894317.18417,13957347.1911,11.483,11.349,2.479,2.515,-0.026191409037693125,0.25,-0.009297852259423282,1.0994747807477434,1.0892520266733892,-0.00934134710343643
652,2025-09-19,2025-09-20,2025-09-23,MYXUSDT,SQDUSDT,9.740986088766915,-0.34825663643172167,1.2390043791567729,True,66,214894317.18417,2447364.5492249997,11.349,9.407,0.07831,0.07097,-0.07738635067240529,0.25,-0.022096587668101325,1.0892520266733892,1.0651832737733435,-0.02234437422128053
653,2025-09-22,2025-09-23,2025-09-26,MYXUSDT,DOLOUSDT,7.648524409304036,-0.5800103709246534,1.0423172415987239,True,65,197911167.15665,72010737.01832551,9.407,9.151,0.12798,0.10429,0.15789327100165307,0.25,0.036723317750413265,1.0651832737733435,1.1043003375985476,0.0360650833775868
654,2025-09-25,2025-09-26,2025-09-29,MYXUSDT,DOLOUSDT,6.511286218501191,-0.5854775975756226,0.8850902528643162,True,65,240374668.79925,67990374.6492265,9.151,15.974,0.10429,0.10423,0.746176892421028,0.25,0.183794223105257,1.1043003375985476,1.3072643602223457,0.16872472330418975
655,2025-09-28,2025-09-29,2025-10-02,MYXUSDT,BUSDT,12.201620236422254,-0.5966447082126618,1.6182000570595845,True,62,300112491.5313,6204074.487299999,15.974,15.485,0.2686,0.2944,-0.1266658562159041,0.25,-0.034416464053976026,1.3072643602223457,1.2622729433597093,-0.03502265993860268
656,2025-10-01,2025-10-02,2025-10-05,MYXUSDT,BUSDT,14.19285503974875,-0.5671995176399653,1.8593789342178726,True,60,336360192.7627,6136077.811334999,15.485,5.864,0.2944,0.2863,-0.5937973591203268,0.25,-0.1511993397800817,1.2622729433597093,1.0714181077014608,-0.16393091385524125
657,2025-10-04,2025-10-05,2025-10-08,MYXUSDT,BUSDT,4.130335899230231,-0.5327240084870246,0.6911454203583455,True,61,408472713.60325,6136077.811334999,5.864,5.51,0.2863,0.2595,0.03323975413839553,0.25,0.005559938534598882,1.0714181077014608,1.0773751265251372,0.0055445391298053984
658,2025-10-07,2025-10-08,2025-10-11,DOODUSDT,BUSDT,2.486970213039427,-0.582327378078223,0.5745328859363693,True,63,10025100.4187904,6136077.811334999,0.0108539,0.008042,0.2595,0.1664,0.09969869029966616,0.25,0.022174672574916537,1.0773751265251372,1.1012655671961915,0.021932389677553704
659,2025-10-10,2025-10-11,2025-10-14,B2USDT,MYXUSDT,1.6635039717563993,-0.840190349978917,0.5886041813108269,True,60,12107765.299800001,336360192.7627,1.2073,1.602,2.654,3.727,-0.07736754761960185,0.25,-0.022091886904900465,1.1012655671961915,1.0769365328334322,-0.02233956725175426
660,2025-10-13,2025-10-14,2025-10-17,SOONUSDT,MYXUSDT,2.158764653668391,-0.6930236389094803,0.5731945461548186,True,61,32075452.57232,261075097.83585,1.032,0.8155,3.727,3.001,-0.0149920806268109,0.25,-0.006498020156702725,1.0769365328334322,1.069938577535591,-0.006519224195776802
661,2025-10-16,2025-10-17,2025-10-20,B2USDT,MYXUSDT,2.176383215744523,-0.7387214770945828,0.5381466207068588,True,61,13484178.26435,221924525.2781,1.7115,1.899,3.001,2.793,0.178863253586812,0.25,0.041965813396702994,1.069938577535591,1.1148394202263834,0.041109134152559686
662,2025-10-19,2025-10-20,2025-10-23,B2USDT,MYXUSDT,2.0155580250833465,-0.753920704845815,0.558546466217434,True,61,13484178.26435,172886182.55815,1.899,1.5581,2.793,2.699,-0.1458599670016837,0.25,-0.039214991750420924,1.1148394202263834,1.0711210015591617,-0.040004611741949615
663,2025-10-22,2025-10-23,2025-10-26,HUSDT,MYXUSDT,1.6657824933687002,-0.7132986074200064,0.470419807293563,True,59,41957456.46671,132754290.30875,0.15074,0.34456,2.699,2.981,1.1813069602582547,0.25,0.2925767400645637,1.0711210015591617,1.3845060924100319,0.2566376989954153
664,2025-10-25,2025-10-26,2025-10-29,HUSDT,MYXUSDT,6.057751382346918,-0.6741339744290241,0.8842947326826992,True,59,61197643.11789501,102731575.66565,0.34456,0.31041,2.981,2.573,0.037754912370872806,0.25,0.006688728092718201,1.3845060924100319,1.3937666772048742,0.006666457802423572
665,2025-10-28,2025-10-29,2025-11-01,HUSDT,ALPINEUSDT,3.187508431134493,-0.8674352553652758,0.5357732528318496,True,59,64174091.93903001,24561511.603075,0.31041,0.28948,0.7888,0.7409,-0.006701799321489066,0.25,-0.004425449830372266,1.3937666772048742,1.3875986326996594,-0.004435271119933537
666,2025-10-31,2025-11-01,2025-11-04,HUSDT,MYXUSDT,3.4485938220378056,-0.8693798449612403,0.5576538241341218,True,59,67433706.567195,48273054.795650005,0.28948,0.25161,2.023,1.892,-0.06606546820176495,0.25,-0.01926636705044124,1.3875986326996594,1.3608646481233773,-0.019454382331946966
667,2025-11-03,2025-11-04,2025-11-07,HUSDT,MYXUSDT,2.8409403144558083,-0.6774083546462064,0.4739034591609447,True,57,69330190.790235,39907819.82595,0.25161,0.10965,1.892,2.191,-0.722240336713594,0.25,-0.1833100841783985,1.3608646481233773,1.1114044349204741,-0.20249579616370872
669,2025-11-09,2025-11-10,2025-11-13,BDXNUSDT,SQDUSDT,1.950024260067928,-0.6035784885194384,0.4564974812549215,True,57,7950096.3409,8410484.03554,0.06082,0.073,0.07821,0.06714,0.34180507365960167,0.25,0.08270126841490041,1.1114044349204741,1.203318991410343,0.07945909286344689
670,2025-11-12,2025-11-13,2025-11-16,BDXNUSDT,SQDUSDT,1.1624184943687017,-0.645307716668426,0.38150857020981965,True,55,8894003.41369,7839054.04478,0.073,0.06353,0.06714,0.06246,-0.06002093356347993,0.25,-0.017755233390869984,1.203318991410343,1.181953781874186,-0.01791474851996062
671,2025-11-15,2025-11-16,2025-11-19,SOONUSDT,SQDUSDT,1.978906058376257,-0.6108586015814707,0.4362043177343255,True,55,33315978.329815,6652675.388825,2.4289,1.4376,0.06246,0.05734,-0.3261546733645381,0.25,-0.08428866834113452,1.181953781874186,1.0823284715592432,-0.0880541040854953
