i,decision_date,entry_date,exit_date,candidate,long_symbols,short_symbols,gross_unit_return,eligible_count,net_return,before,after,log
321,2022-12-31,2023-01-01,2023-01-04,drawdown_recovery_k1,"[""LUNA2USDT""]","[""STGUSDT""]",0.0279405060605582,7,0.0042351265151395505,1.0,1.0042351265151395,0.0042261836075121375
322,2023-01-03,2023-01-04,2023-01-07,drawdown_recovery_k1,"[""INJUSDT""]","[""LDOUSDT""]",-0.2121893951719671,7,-0.05579734879299178,1.0042351265151395,0.9482014688907999,-0.057414462986783925
323,2023-01-06,2023-01-07,2023-01-10,drawdown_recovery_k1,"[""CVXUSDT""]","[""LDOUSDT""]",-0.18144799062263872,7,-0.04811199765565968,0.9482014688907999,0.9025816020424328,-0.0493078957077212
324,2023-01-09,2023-01-10,2023-01-13,drawdown_recovery_k1,"[""CVXUSDT""]","[""LDOUSDT""]",-0.010742402222740699,7,-0.005435600555685175,0.9025816020424328,0.8976755289848197,-0.005450427184548042
325,2023-01-12,2023-01-13,2023-01-16,drawdown_recovery_k1,"[""CVXUSDT""]","[""LDOUSDT""]",0.1614558174166698,7,0.03761395435416745,0.8976755289848197,0.9314406553569078,0.03692380261332603
326,2023-01-15,2023-01-16,2023-01-19,drawdown_recovery_k1,"[""SPELLUSDT""]","[""1000LUNCUSDT""]",0.03768997792901185,7,0.0066724944822529626,0.9314406553569078,0.9376556879903228,0.006650331922692164
327,2023-01-18,2023-01-19,2023-01-22,drawdown_recovery_k1,"[""LUNA2USDT""]","[""CVXUSDT""]",0.14496115547011534,9,0.033490288867528833,0.9376556879903228,0.9690580478394002,0.032941703740947535
328,2023-01-21,2023-01-22,2023-01-25,drawdown_recovery_k1,"[""CVXUSDT""]","[""APTUSDT""]",-0.04030981499710484,9,-0.012827453749276213,0.9690580478394002,0.9566275005503764,-0.012910435931321337
329,2023-01-24,2023-01-25,2023-01-28,drawdown_recovery_k1,"[""LUNA2USDT""]","[""QNTUSDT""]",0.02935251218472401,9,0.004588128046181003,0.9566275005503764,0.9610166300153996,0.004577634671087316
330,2023-01-27,2023-01-28,2023-01-31,drawdown_recovery_k1,"[""LUNA2USDT""]","[""CVXUSDT""]",-0.18348267810682228,9,-0.04862066952670557,0.9610166300153996,0.9142913580377526,-0.04984242060013782
331,2023-01-30,2023-01-31,2023-02-03,drawdown_recovery_k1,"[""LDOUSDT""]","[""INJUSDT""]",-0.1943403129189316,9,-0.051335078229732906,0.9142913580377526,0.8673561396481159,-0.05269962831668692
332,2023-02-02,2023-02-03,2023-02-06,drawdown_recovery_k1,"[""LDOUSDT""]","[""CVXUSDT""]",-0.018196288974384633,9,-0.007299072243596158,0.8673561396481159,0.8610252445238976,-0.007325840808068309
333,2023-02-05,2023-02-06,2023-02-09,drawdown_recovery_k1,"[""LDOUSDT""]","[""SPELLUSDT""]",0.21476210692172892,9,0.05094052673043223,0.8610252445238976,0.9048863240081441,0.04968550297726155
334,2023-02-08,2023-02-09,2023-02-12,drawdown_recovery_k1,"[""APTUSDT""]","[""STGUSDT""]",0.13359259146313773,9,0.03064814786578443,0.9048863240081441,0.9326194138680719,0.030187874106947697
335,2023-02-11,2023-02-12,2023-02-15,drawdown_recovery_k1,"[""APTUSDT""]","[""SPELLUSDT""]",0.023974142016699673,9,0.0032435355041749185,0.9326194138680719,0.9356443980488358,0.0032382865898555467
336,2023-02-14,2023-02-15,2023-02-18,drawdown_recovery_k1,"[""APTUSDT""]","[""LDOUSDT""]",-0.1793244956228387,8,-0.04758112390570968,0.9356443980488358,0.891125386013591,-0.0487503450632183
337,2023-02-17,2023-02-18,2023-02-21,drawdown_recovery_k1,"[""APTUSDT""]","[""LDOUSDT""]",-0.0012162321218108785,8,-0.0030540580304527195,0.891125386013591,0.888403837372296,-0.003058731182823865
338,2023-02-20,2023-02-21,2023-02-24,drawdown_recovery_k1,"[""APTUSDT""]","[""CVXUSDT""]",0.007168659688767454,8,-0.0009578350778081366,0.888403837372296,0.8875528930136015,-0.0009582940949581439
339,2023-02-23,2023-02-24,2023-02-27,drawdown_recovery_k1,"[""APTUSDT""]","[""SPELLUSDT""]",-0.013005091343713526,7,-0.006001272835928381,0.8875528930136015,0.8822264459463094,-0.006019352845425465
340,2023-02-26,2023-02-27,2023-03-02,drawdown_recovery_k1,"[""APTUSDT""]","[""LDOUSDT""]",0.09632519605549006,7,0.021331299013872512,0.8822264459463094,0.9010454820627362,0.02110697138110319
341,2023-03-01,2023-03-02,2023-03-05,drawdown_recovery_k1,"[""APTUSDT""]","[""CVXUSDT""]",-0.07699660975594214,7,-0.021999152438985536,0.9010454820627362,0.8812232451483788,-0.022244742320891082
342,2023-03-04,2023-03-05,2023-03-08,drawdown_recovery_k1,"[""APTUSDT""]","[""CVXUSDT""]",-0.03168407032033671,7,-0.01067101758008418,0.8812232451483788,0.8718196964074216,-0.010728361196181325
343,2023-03-07,2023-03-08,2023-03-11,drawdown_recovery_k1,"[""APTUSDT""]","[""CVXUSDT""]",0.13045052205381447,6,0.029862630513453614,0.8718196964074216,0.8978545258755877,0.029425424913643757
344,2023-03-10,2023-03-11,2023-03-14,drawdown_recovery_k1,"[""APTUSDT""]","[""QNTUSDT""]",0.08728436282693375,4,0.019071090706733435,0.8978545258755877,0.9149775909800122,0.018891516975642994
345,2023-03-13,2023-03-14,2023-03-17,drawdown_recovery_k1,"[""APTUSDT""]","[""QNTUSDT""]",0.021681836020701506,4,0.0026704590051753766,0.9149775909800122,0.9174210011273785,0.002666899664833036
346,2023-03-16,2023-03-17,2023-03-20,drawdown_recovery_k1,"[""LDOUSDT""]","[""QNTUSDT""]",-0.020652854862935,4,-0.00791321371573375,0.9174210011273785,0.9101612526781551,-0.007944689350300954
347,2023-03-19,2023-03-20,2023-03-23,drawdown_recovery_k1,"[""LDOUSDT""]","[""QNTUSDT""]",0.004807822156403629,4,-0.0015480444608990927,0.9101612526781551,0.9087522825924217,-0.0015492439197624499
348,2023-03-22,2023-03-23,2023-03-26,drawdown_recovery_k1,"[""QNTUSDT""]","[""APTUSDT""]",0.09320676174948794,2,0.020551690437371983,0.9087522825924217,0.9274286781885163,0.020343354054927848
349,2023-03-25,2023-03-26,2023-03-29,drawdown_recovery_k1,"[""APTUSDT""]","[""QNTUSDT""]",-0.024594693189072814,2,-0.008898673297268204,0.9274286781885163,0.9191757933747994,-0.008938502953952338
350,2023-03-28,2023-03-29,2023-04-01,drawdown_recovery_k1,"[""APTUSDT""]","[""QNTUSDT""]",-0.01996504006915467,2,-0.007741260017288668,0.9191757933747994,0.9120602145566874,-0.007771379111132045
351,2023-03-31,2023-04-01,2023-04-04,drawdown_recovery_k1,"[""APTUSDT""]","[""QNTUSDT""]",0.009264103892483555,2,-0.0004339740268791113,0.9120602145566874,0.9116644041126201,-0.0004340682208598742
352,2023-04-03,2023-04-04,2023-04-07,drawdown_recovery_k1,"[""APTUSDT""]","[""QNTUSDT""]",0.027715324165064503,2,0.004178831041266126,0.9116644041126201,0.9154740956237432,0.004170123975306971
353,2023-04-06,2023-04-07,2023-04-10,drawdown_recovery_k1,"[""APTUSDT""]","[""QNTUSDT""]",-0.036360424922068146,2,-0.011840106230517039,0.9154740956237432,0.9046347850802715,-0.011910758529197617
354,2023-04-09,2023-04-10,2023-04-13,drawdown_recovery_k1,"[""APTUSDT""]","[""QNTUSDT""]",0.024415454327137764,2,0.0033538635817844413,0.9046347850802715,0.9076688067407677,0.0033482519249755983
355,2023-04-12,2023-04-13,2023-04-16,drawdown_recovery_k1,"[""APTUSDT""]","[""QNTUSDT""]",0.12877212375513925,2,0.02944303093878481,0.9076688067407677,0.934393327499806,0.02901790932396707
356,2023-04-15,2023-04-16,2023-04-19,drawdown_recovery_k1,"[""QNTUSDT""]","[""APTUSDT""]",-0.01928122704309898,2,-0.007570306760774745,0.934393327499806,0.9273196833754114,-0.007599106976045111
357,2023-04-18,2023-04-19,2023-04-22,drawdown_recovery_k1,"[""QNTUSDT""]","[""FETUSDT""]",0.12654092692350227,2,0.028885231730875566,0.9273196833754114,0.9541055273183123,0.028475916842320467
358,2023-04-21,2023-04-22,2023-04-25,drawdown_recovery_k1,"[""FETUSDT""]","[""FXSUSDT""]",-0.010552923742186637,2,-0.005388230935546659,0.9541055273183123,0.9489645864002397,-0.005402799809057231
359,2023-04-24,2023-04-25,2023-04-28,drawdown_recovery_k1,"[""FETUSDT""]","[""HOOKUSDT""]",-0.03340628436216719,3,-0.0111015710905418,0.9489645864002397,0.938429588581911,-0.011163653432847587
360,2023-04-27,2023-04-28,2023-05-01,drawdown_recovery_k1,"[""MAGICUSDT""]","[""HOOKUSDT""]",0.04592843472180208,4,0.008732108680450518,0.938429588581911,0.9466240577383588,0.00869420431630884
361,2023-04-30,2023-05-01,2023-05-04,drawdown_recovery_k1,"[""MAGICUSDT""]","[""HOOKUSDT""]",-0.0023778165705293786,4,-0.0033444541426323445,0.9466240577383588,0.9434581169869404,-0.0033500593304067023
362,2023-05-03,2023-05-04,2023-05-07,drawdown_recovery_k1,"[""MAGICUSDT""]","[""TUSDT""]",-0.12072269235817434,5,-0.03293067308954359,0.9434581169869404,0.9123894061627671,-0.03348509332671654
363,2023-05-06,2023-05-07,2023-05-10,drawdown_recovery_k1,"[""MAGICUSDT""]","[""RNDRUSDT""]",-0.012018968216362058,6,-0.005754742054090514,0.9123894061627671,0.9071388404774156,-0.0057713643843034955
364,2023-05-09,2023-05-10,2023-05-13,drawdown_recovery_k1,"[""MAGICUSDT""]","[""TUSDT""]",0.10260310767839886,8,0.022900776919599714,0.9071388404774156,0.9279130246982932,0.022642490006980324
365,2023-05-12,2023-05-13,2023-05-16,drawdown_recovery_k1,"[""MAGICUSDT""]","[""RNDRUSDT""]",0.0013478185725842584,8,-0.0024130453568539352,0.9279130246982932,0.9256739284824806,-0.0024159614428440964
366,2023-05-15,2023-05-16,2023-05-19,drawdown_recovery_k1,"[""MAGICUSDT""]","[""RNDRUSDT""]",-0.27991392032182016,9,-0.07272848008045504,0.9256739284824806,0.858351070613846,-0.0755088545565424
367,2023-05-18,2023-05-19,2023-05-22,drawdown_recovery_k1,"[""FETUSDT""]","[""RNDRUSDT""]",-0.04495843821052614,12,-0.013989609552631538,0.858351070613846,0.846343074276875,-0.014088386455950199
368,2023-05-21,2023-05-22,2023-05-25,drawdown_recovery_k1,"[""FETUSDT""]","[""RNDRUSDT""]",-0.11680206594927423,13,-0.03195051648731856,0.846343074276875,0.8193019759282638,-0.0324720736808261
369,2023-05-24,2023-05-25,2023-05-28,drawdown_recovery_k1,"[""FETUSDT""]","[""RNDRUSDT""]",0.09911980705969992,16,0.022029951764924977,0.8193019759282638,0.8373511589388711,0.02179079836276042
370,2023-05-27,2023-05-28,2023-05-31,drawdown_recovery_k1,"[""HOOKUSDT""]","[""HIGHUSDT""]",0.0903150376505587,17,0.019828759412639674,0.8373511589388711,0.853954793613365,0.019634730273478694
371,2023-05-30,2023-05-31,2023-06-03,drawdown_recovery_k1,"[""STXUSDT""]","[""ACHUSDT""]",0.003234539440271189,18,-0.0019413651399322028,0.853954793613365,0.8522969555459661,-0.0019432520317282185
372,2023-06-02,2023-06-03,2023-06-06,drawdown_recovery_k1,"[""GMXUSDT""]","[""CKBUSDT""]",0.04024356380657701,18,0.007310890951644251,0.8522969555459661,0.858528005646381,0.0072842959319187935
373,2023-06-05,2023-06-06,2023-06-09,drawdown_recovery_k1,"[""CFXUSDT""]","[""CKBUSDT""]",0.02099320350911016,20,0.00249830087727754,0.858528005646381,0.8606728669160548,0.002495185311642299
374,2023-06-08,2023-06-09,2023-06-12,drawdown_recovery_k1,"[""CFXUSDT""]","[""STXUSDT""]",-0.06838829919834521,21,-0.019847074799586306,0.8606728669160548,0.8435910281483976,-0.020046673368577947
375,2023-06-11,2023-06-12,2023-06-15,drawdown_recovery_k1,"[""CFXUSDT""]","[""USDCUSDT""]",-0.028667266432128358,21,-0.009916816608032092,0.8435910281483976,0.8352252906300687,-0.009966315755038388
376,2023-06-14,2023-06-15,2023-06-18,drawdown_recovery_k1,"[""CFXUSDT""]","[""USDCUSDT""]",0.0600596549849719,21,0.012264913746242972,0.8352252906300687,0.8454692567783272,0.01219030908536185
377,2023-06-17,2023-06-18,2023-06-21,drawdown_recovery_k1,"[""CFXUSDT""]","[""USDCUSDT""]",0.16742643873504626,21,0.03910660968376156,0.8454692567783272,0.8785326930027773,0.03836131482607389
378,2023-06-20,2023-06-21,2023-06-24,drawdown_recovery_k1,"[""HIGHUSDT""]","[""STXUSDT""]",0.0018676946503837222,21,-0.0022830763374040693,0.8785326930027773,0.8765269357997467,-0.0022856865297877327
379,2023-06-23,2023-06-24,2023-06-27,drawdown_recovery_k1,"[""HIGHUSDT""]","[""TUSDT""]",0.09484998257453336,23,0.02096249564363334,0.8765269357997467,0.8949011278729763,0.020745805543736572
380,2023-06-26,2023-06-27,2023-06-30,drawdown_recovery_k1,"[""HIGHUSDT""]","[""USDCUSDT""]",-0.06339629031146066,23,-0.018599072577865167,0.8949011278729763,0.8782567968456534,-0.018774210327662133
381,2023-06-29,2023-06-30,2023-07-03,drawdown_recovery_k1,"[""HIGHUSDT""]","[""USDCUSDT""]",0.03417493977817865,26,0.005793734944544662,0.8782567968456534,0.883345183939822,0.0057770158086527116
382,2023-07-02,2023-07-03,2023-07-06,drawdown_recovery_k1,"[""HIGHUSDT""]","[""USDCUSDT""]",0.001785215671460505,26,-0.0023036960821348736,0.883345183939822,0.8813102251004071,-0.0023063536722587813
383,2023-07-05,2023-07-06,2023-07-09,drawdown_recovery_k1,"[""AMBUSDT""]","[""USDCUSDT""]",-0.09446056288587346,28,-0.026365140721468366,0.8813102251004071,0.8580743569963659,-0.02671893343198446
384,2023-07-08,2023-07-09,2023-07-12,drawdown_recovery_k1,"[""AMBUSDT""]","[""USDCUSDT""]",-0.022118865558832357,28,-0.00827971638970809,0.8580743569963659,0.8509697446791549,-0.00831418362593488
385,2023-07-11,2023-07-12,2023-07-15,drawdown_recovery_k1,"[""CFXUSDT""]","[""USDCUSDT""]",0.07500835933227368,28,0.016002089833068417,0.8509697446791549,0.864587038978734,0.015875406076486093
386,2023-07-14,2023-07-15,2023-07-18,drawdown_recovery_k1,"[""CFXUSDT""]","[""XVSUSDT""]",0.030789295405679984,29,0.004947323851419996,0.864587038978734,0.868864431058302,0.004935126059184161
387,2023-07-17,2023-07-18,2023-07-21,drawdown_recovery_k1,"[""CFXUSDT""]","[""ARBUSDT""]",0.011695157380905763,28,0.00017378934522644068,0.868864431058302,0.8690154304388662,0.0001737742456076466
388,2023-07-20,2023-07-21,2023-07-24,drawdown_recovery_k1,"[""CFXUSDT""]","[""USDCUSDT""]",0.003771972660219669,27,-0.0018070068349450828,0.8690154304388662,0.8674451136163904,-0.0018086414412558209
389,2023-07-23,2023-07-24,2023-07-27,drawdown_recovery_k1,"[""LQTYUSDT""]","[""RDNTUSDT""]",0.05293613130972974,26,0.010484032827432432,0.8674451136163904,0.8765394366635406,0.01042945647735304
390,2023-07-26,2023-07-27,2023-07-30,drawdown_recovery_k1,"[""LQTYUSDT""]","[""ASTRUSDT""]",0.01787393083289479,25,0.0017184827082236977,0.8765394366635406,0.8780457545285231,0.001717007806301698
391,2023-07-29,2023-07-30,2023-08-02,drawdown_recovery_k1,"[""LQTYUSDT""]","[""TUSDT""]",0.002938760802466356,27,-0.002015309799383411,0.8780457545285231,0.8762762203151148,-0.0020173432686834956
392,2023-08-01,2023-08-02,2023-08-05,drawdown_recovery_k1,"[""LQTYUSDT""]","[""USDCUSDT""]",-0.030299485624575406,28,-0.010324871406143854,0.8762762203151148,0.8672287810240994,-0.010378542642956757
393,2023-08-04,2023-08-05,2023-08-08,drawdown_recovery_k1,"[""1000PEPEUSDT""]","[""USDCUSDT""]",-0.03240965423297293,29,-0.010852413558243235,0.8672287810240994,0.8578172556428146,-0.010911730543609869
394,2023-08-07,2023-08-08,2023-08-11,drawdown_recovery_k1,"[""1000PEPEUSDT""]","[""CKBUSDT""]",0.09007265297534084,27,0.019768163243835207,0.8578172556428146,0.8747747271857405,0.019575310524263347
395,2023-08-10,2023-08-11,2023-08-14,drawdown_recovery_k1,"[""LQTYUSDT""]","[""CKBUSDT""]",-0.09222907928617485,29,-0.025807269821543716,0.8747747271857405,0.8521991797681908,-0.02614611998771653
396,2023-08-13,2023-08-14,2023-08-17,drawdown_recovery_k1,"[""GMXUSDT""]","[""ASTRUSDT""]",-0.08637431031758613,29,-0.024343577579396536,0.8521991797681908,0.8314536029224058,-0.024644780753213514
397,2023-08-16,2023-08-17,2023-08-20,drawdown_recovery_k1,"[""GMXUSDT""]","[""USDCUSDT""]",-0.03472001324200813,26,-0.011430003310502035,0.8314536029224058,0.8219500854884738,-0.011495827862263028
398,2023-08-19,2023-08-20,2023-08-23,drawdown_recovery_k1,"[""CFXUSDT""]","[""USDCUSDT""]",-0.0211579134423312,25,-0.0080394783605828,0.8219500854884738,0.81534203556271,-0.008071969223633804
399,2023-08-22,2023-08-23,2023-08-26,drawdown_recovery_k1,"[""LQTYUSDT""]","[""USDCUSDT""]",0.009184219360874213,23,-0.00045394515978144684,0.81534203556271,0.8149719149921,-0.00045404822407706043
400,2023-08-25,2023-08-26,2023-08-29,drawdown_recovery_k1,"[""1000PEPEUSDT""]","[""USDCUSDT""]",-0.02747355876787161,22,-0.009618389691967905,0.8149719149921,0.8071331975256966,-0.009664945168424371
401,2023-08-28,2023-08-29,2023-09-01,drawdown_recovery_k1,"[""1000PEPEUSDT""]","[""USDCUSDT""]",-0.06294628683495984,21,-0.018486571708739963,0.8071331975256966,0.7922120717911333,-0.018659583962104192
402,2023-08-31,2023-09-01,2023-09-04,drawdown_recovery_k1,"[""1000PEPEUSDT""]","[""JOEUSDT""]",0.1567335203189576,22,0.0364333800797394,0.7922120717911333,0.8210750353064574,0.03578537690593637
403,2023-09-03,2023-09-04,2023-09-07,drawdown_recovery_k1,"[""1000PEPEUSDT""]","[""USDCUSDT""]",-0.008367182970546061,21,-0.004841795742636515,0.8210750353064574,0.8170995576961254,-0.0048535552089543944
404,2023-09-06,2023-09-07,2023-09-10,drawdown_recovery_k1,"[""1000PEPEUSDT""]","[""LEVERUSDT""]",0.0245738505694848,20,0.0033934626423712004,0.8170995576961254,0.8198723545202653,0.0033877178408629393
405,2023-09-09,2023-09-10,2023-09-13,drawdown_recovery_k1,"[""1000PEPEUSDT""]","[""LEVERUSDT""]",-0.019062942900964996,18,-0.007515735725241249,0.8198723545202653,0.8137104105752597,-0.007544121181481379
406,2023-09-12,2023-09-13,2023-09-16,drawdown_recovery_k1,"[""1000PEPEUSDT""]","[""KEYUSDT""]",-0.08951063118040525,18,-0.025127657795101316,0.8137104105752597,0.7932637738340133,-0.025448747628409683
407,2023-09-15,2023-09-16,2023-09-19,drawdown_recovery_k1,"[""1000PEPEUSDT""]","[""KEYUSDT""]",-0.0074453734272024175,18,-0.004611343356800604,0.7932637738340133,0.7896057622003532,-0.0046220083999922315
408,2023-09-18,2023-09-19,2023-09-22,drawdown_recovery_k1,"[""1000PEPEUSDT""]","[""RADUSDT""]",-0.014224658479310759,18,-0.0063061646198276896,0.7896057622003532,0.7846263782791533,-0.006326132467219895
409,2023-09-21,2023-09-22,2023-09-25,drawdown_recovery_k1,"[""1000PEPEUSDT""]","[""LEVERUSDT""]",0.047508091012100406,17,0.0091270227530251,0.7846263782791533,0.7917876810863308,0.009085623193340168
410,2023-09-24,2023-09-25,2023-09-28,drawdown_recovery_k1,"[""NMRUSDT""]","[""LEVERUSDT""]",-0.01232422334475447,17,-0.005831055836188617,0.7917876810863308,0.7871707229075101,-0.005848122820301938
411,2023-09-27,2023-09-28,2023-10-01,drawdown_recovery_k1,"[""NMRUSDT""]","[""COMBOUSDT""]",-0.019865086044021707,15,-0.007716271511005427,0.7871707229075101,0.7810966998840414,-0.007746195970250347
412,2023-09-30,2023-10-01,2023-10-04,drawdown_recovery_k1,"[""NMRUSDT""]","[""MAVUSDT""]",0.11155202821869481,16,0.0251380070546737,0.7810966998840414,0.8007319142361087,0.02482724455603155
413,2023-10-03,2023-10-04,2023-10-07,drawdown_recovery_k1,"[""KEYUSDT""]","[""MDTUSDT""]",0.1418240232786252,16,0.0327060058196563,0.8007319142361087,0.8269206568830993,0.03218254732627811
414,2023-10-06,2023-10-07,2023-10-10,drawdown_recovery_k1,"[""MAVUSDT""]","[""1000FLOKIUSDT""]",0.010295289853824885,15,-0.00017617753654377882,0.8269206568830993,0.8267749720388525,-0.00017619305762894925
415,2023-10-09,2023-10-10,2023-10-13,drawdown_recovery_k1,"[""MAVUSDT""]","[""XVSUSDT""]",0.10136709083625495,15,0.022591772709063734,0.8267749720388525,0.8454532842886967,0.022340358167934792
416,2023-10-12,2023-10-13,2023-10-16,drawdown_recovery_k1,"[""MAVUSDT""]","[""1000FLOKIUSDT""]",-0.014897717283968381,14,-0.006474429320992095,0.8454532842886967,0.8399794567553689,-0.0064954793456305695
417,2023-10-15,2023-10-16,2023-10-19,drawdown_recovery_k1,"[""MAVUSDT""]","[""1000FLOKIUSDT""]",-0.09190148226674855,14,-0.02572537056668714,0.8399794567553689,0.8183706739619325,-0.02606205467915408
418,2023-10-18,2023-10-19,2023-10-22,drawdown_recovery_k1,"[""MAVUSDT""]","[""BLURUSDT""]",0.12000709810465437,14,0.02725177452616359,0.8183706739619325,0.8406727270475677,0.02688705623295751
419,2023-10-21,2023-10-22,2023-10-25,drawdown_recovery_k1,"[""MAVUSDT""]","[""1000FLOKIUSDT""]",0.03828308526275359,14,0.006820771315688397,0.8406727270475677,0.8464067634700954,0.006797615090927468
420,2023-10-24,2023-10-25,2023-10-28,drawdown_recovery_k1,"[""MAVUSDT""]","[""BLURUSDT""]",-0.06925080181302523,15,-0.02006270045325631,0.8464067634700954,0.8294255581129847,-0.020266689418673604
421,2023-10-27,2023-10-28,2023-10-31,drawdown_recovery_k1,"[""MAVUSDT""]","[""EDUUSDT""]",-0.010209117266053891,17,-0.005302279316513473,0.8294255581129847,0.8250277121316145,-0.0053163862876523665
422,2023-10-30,2023-10-31,2023-11-03,drawdown_recovery_k1,"[""AGLDUSDT""]","[""IDEXUSDT""]",0.013436620892798734,16,0.0006091552231996835,0.8250277121316145,0.825530282071744,0.0006089697634687536
423,2023-11-02,2023-11-03,2023-11-06,drawdown_recovery_k1,"[""1000FLOKIUSDT""]","[""UMAUSDT""]",-0.031346347542550834,13,-0.010586586885637711,0.825530282071744,0.8167907340138664,-0.010643023463803225
424,2023-11-05,2023-11-06,2023-11-09,drawdown_recovery_k1,"[""AGLDUSDT""]","[""NMRUSDT""]",-0.03284228541695555,13,-0.01096057135423889,0.8167907340138664,0.8078382408922262,-0.011021080969306186
425,2023-11-08,2023-11-09,2023-11-12,drawdown_recovery_k1,"[""AGLDUSDT""]","[""BNTUSDT""]",-0.5544885539198088,13,-0.1413721384799522,0.8078382408922262,0.6936324212314094,-0.1524196737763435
426,2023-11-11,2023-11-12,2023-11-15,drawdown_recovery_k1,"[""AGLDUSDT""]","[""ARKMUSDT""]",-0.1894337598732181,14,-0.050108439968304525,0.6936324212314094,0.6588755826920657,-0.051407448237910755
427,2023-11-14,2023-11-15,2023-11-18,drawdown_recovery_k1,"[""BNTUSDT""]","[""ARKMUSDT""]",0.07123140671811523,14,0.015057851679528805,0.6588755826920657,0.6687968334915059,0.014945607598098617
428,2023-11-17,2023-11-18,2023-11-21,drawdown_recovery_k1,"[""BNTUSDT""]","[""MDTUSDT""]",-0.0759477989668349,15,-0.021736949741708728,0.6687968334915059,0.6542592303344871,-0.021976677568339806
429,2023-11-20,2023-11-21,2023-11-24,drawdown_recovery_k1,"[""BNTUSDT""]","[""NMRUSDT""]",0.03753523160097516,16,0.0066338079002437895,0.6542592303344871,0.6585994603854873,0.006611901027236059
430,2023-11-23,2023-11-24,2023-11-27,drawdown_recovery_k1,"[""BNTUSDT""]","[""MDTUSDT""]",-0.26910636883237227,15,-0.07002659220809307,0.6585994603854873,0.6124799845446027,-0.07259928701578806
431,2023-11-26,2023-11-27,2023-11-30,drawdown_recovery_k1,"[""BNTUSDT""]","[""MDTUSDT""]",0.07395312967609757,15,0.01573828241902439,0.6124799845446027,0.6221193675173654,0.015615719928463076
432,2023-11-29,2023-11-30,2023-12-03,drawdown_recovery_k1,"[""BNTUSDT""]","[""DODOXUSDT""]",0.1156578315886041,15,0.026164457897151022,0.6221193675173654,0.6383967835157757,0.02582802425155289
433,2023-12-02,2023-12-03,2023-12-06,drawdown_recovery_k1,"[""BNTUSDT""]","[""ARKMUSDT""]",0.014535179518793462,14,0.0008837948796983654,0.6383967835157757,0.6389609953242629,0.0008834045629601438
434,2023-12-05,2023-12-06,2023-12-09,drawdown_recovery_k1,"[""BNTUSDT""]","[""AGLDUSDT""]",0.21294691032235202,14,0.050486727580588,0.6389609953242629,0.6712200450298204,0.04925360684003648
435,2023-12-08,2023-12-09,2023-12-12,drawdown_recovery_k1,"[""BNTUSDT""]","[""ARKMUSDT""]",0.02956947171708557,14,0.004642367929271393,0.6712200450298204,0.6743360954403509,0.004631625373709139
436,2023-12-11,2023-12-12,2023-12-15,drawdown_recovery_k1,"[""BNTUSDT""]","[""OXTUSDT""]",-0.01809537264344785,14,-0.007273843160861962,0.6743360954403509,0.6694310804444097,-0.00730042654538269
437,2023-12-14,2023-12-15,2023-12-18,drawdown_recovery_k1,"[""MDTUSDT""]","[""OXTUSDT""]",-0.08202901178544653,14,-0.023257252946361634,0.6694310804444097,0.6538619524763579,-0.02353197066588767
438,2023-12-17,2023-12-18,2023-12-21,drawdown_recovery_k1,"[""MDTUSDT""]","[""ARKMUSDT""]",-0.19791035341928498,15,-0.05222758835482125,0.6538619524763579,0.619712319581543,-0.053640877653277644
439,2023-12-20,2023-12-21,2023-12-24,drawdown_recovery_k1,"[""MDTUSDT""]","[""ARKMUSDT""]",0.17462120220640098,15,0.04090530055160024,0.619712319581543,0.6450618382695554,0.04009081580377248
440,2023-12-23,2023-12-24,2023-12-27,drawdown_recovery_k1,"[""MDTUSDT""]","[""OXTUSDT""]",-0.0022665452299894806,16,-0.00331663630749737,0.6450618382695554,0.6429224027561696,-0.0033221485371106095
441,2023-12-26,2023-12-27,2023-12-30,drawdown_recovery_k1,"[""MDTUSDT""]","[""CYBERUSDT""]",0.0846030166282411,17,0.018400754157060273,0.6429224027561696,0.6547526598313524,0.01823350879207021
442,2023-12-29,2023-12-30,2024-01-02,drawdown_recovery_k1,"[""ARKMUSDT""]","[""OXTUSDT""]",-0.1061585990718159,16,-0.02928964976795398,0.6547526598313524,0.6355751837402558,-0.029727155673180766
443,2024-01-01,2024-01-02,2024-01-05,drawdown_recovery_k1,"[""ARKMUSDT""]","[""OXTUSDT""]",0.11663351358843754,16,0.026408378397109383,0.6355751837402558,0.6523596936922808,0.026065697182611525
444,2024-01-04,2024-01-05,2024-01-08,drawdown_recovery_k1,"[""WLDUSDT""]","[""CYBERUSDT""]",-0.010154757227134104,15,-0.005288689306783526,0.6523596936922808,0.6489095659560739,-0.005302723929116867
445,2024-01-07,2024-01-08,2024-01-11,drawdown_recovery_k1,"[""WLDUSDT""]","[""FRONTUSDT""]",-0.019021492875590518,15,-0.007505373218897629,0.6489095659560739,0.6440392574782606,-0.007533680258013276
446,2024-01-10,2024-01-11,2024-01-14,drawdown_recovery_k1,"[""BIGTIMEUSDT""]","[""PENDLEUSDT""]",0.02262363902942144,18,0.0029059097573553598,0.6440392574782606,0.6459107774406866,0.002901695763280259
447,2024-01-13,2024-01-14,2024-01-17,drawdown_recovery_k1,"[""BONDUSDT""]","[""CYBERUSDT""]",-0.09796396054970535,19,-0.02724099013742634,0.6459107774406866,0.6283155283227675,-0.027618904901233435
448,2024-01-16,2024-01-17,2024-01-20,drawdown_recovery_k1,"[""BONDUSDT""]","[""PENDLEUSDT""]",-0.1273107285254348,22,-0.0345776821313587,0.6283155283227675,0.6065898337062261,-0.03518963828042248
449,2024-01-19,2024-01-20,2024-01-23,drawdown_recovery_k1,"[""BONDUSDT""]","[""PENDLEUSDT""]",0.048919007447335794,24,0.009479751861833946,0.6065898337062261,0.6123401548116723,0.00943510097854787
450,2024-01-22,2024-01-23,2024-01-26,drawdown_recovery_k1,"[""BONDUSDT""]","[""FRONTUSDT""]",0.08517509244876664,23,0.018543773112191658,0.6123401548116723,0.6236952517099842,0.018373933780037845
451,2024-01-25,2024-01-26,2024-01-29,drawdown_recovery_k1,"[""POWRUSDT""]","[""ARKUSDT""]",0.03367192899949134,24,0.005667982249872835,0.6236952517099842,0.6272303453260064,0.0056519796782001875
452,2024-01-28,2024-01-29,2024-02-01,drawdown_recovery_k1,"[""POWRUSDT""]","[""FRONTUSDT""]",-0.013854697666708216,23,-0.006213674416677054,0.6272303453260064,0.6233329401758907,-0.006233059635567148
453,2024-01-31,2024-02-01,2024-02-04,drawdown_recovery_k1,"[""POWRUSDT""]","[""FRONTUSDT""]",0.03042579670207568,27,0.00485644917551892,0.6233329401758907,0.6263601249192817,0.004844694667639871
454,2024-02-03,2024-02-04,2024-02-07,drawdown_recovery_k1,"[""POWRUSDT""]","[""OXTUSDT""]",-0.03293460960504657,29,-0.010983652401261645,0.6263601249192817,0.6194804030291575,-0.01104441807364975
455,2024-02-06,2024-02-07,2024-02-10,drawdown_recovery_k1,"[""POWRUSDT""]","[""OXTUSDT""]",-0.016105090311986814,30,-0.006776272577996703,0.6194804030291575,0.6152826349615047,-0.00679933576034336
456,2024-02-09,2024-02-10,2024-02-13,drawdown_recovery_k1,"[""BIGTIMEUSDT""]","[""TIAUSDT""]",0.21691094990764825,30,0.05147773747691206,0.6152826349615047,0.6469559929181558,0.05019654377948174
457,2024-02-12,2024-02-13,2024-02-16,drawdown_recovery_k1,"[""MBLUSDT""]","[""BADGERUSDT""]",-0.16360456364008824,32,-0.04365114091002206,0.6469559929181558,0.6187156257087021,-0.04463251713006895
458,2024-02-15,2024-02-16,2024-02-19,drawdown_recovery_k1,"[""MBLUSDT""]","[""BADGERUSDT""]",0.047785225791129315,33,0.009196306447782326,0.6187156257087021,0.6244055242067507,0.00915427789675854
459,2024-02-18,2024-02-19,2024-02-22,drawdown_recovery_k1,"[""POWRUSDT""]","[""ARKUSDT""]",0.08624897349910332,32,0.018812243374775828,0.6244055242067507,0.6361519928926826,0.018637481497732495
460,2024-02-21,2024-02-22,2024-02-25,drawdown_recovery_k1,"[""1000BONKUSDT""]","[""BEAMXUSDT""]",0.020456272832275024,34,0.0023640682080687562,0.6361519928926826,0.6376558995945798,0.002361278195144636
461,2024-02-24,2024-02-25,2024-02-28,drawdown_recovery_k1,"[""1000BONKUSDT""]","[""CAKEUSDT""]",0.2926733267925449,35,0.07041833169813622,0.6376558995945798,0.6825585642415043,0.0680495362710902
462,2024-02-27,2024-02-28,2024-03-02,drawdown_recovery_k1,"[""TIAUSDT""]","[""1000BONKUSDT""]",-0.672007476747716,38,-0.170751869186929,0.6825585642415043,0.5660104135677209,-0.18723585522676978
463,2024-03-01,2024-03-02,2024-03-05,drawdown_recovery_k1,"[""NTRNUSDT""]","[""1000BONKUSDT""]",-0.5448899629777263,38,-0.13897249074443158,0.5660104135677209,0.48735053660692884,-0.1496288247099086
464,2024-03-04,2024-03-05,2024-03-08,drawdown_recovery_k1,"[""NTRNUSDT""]","[""1000BONKUSDT""]",0.36463153843640284,38,0.0884078846091007,0.48735053660692884,0.5304361666114575,0.08471597212076341
465,2024-03-07,2024-03-08,2024-03-11,drawdown_recovery_k1,"[""1000BONKUSDT""]","[""ARKUSDT""]",0.09483834919857026,39,0.020959587299642563,0.5304361666114575,0.5415538897524381,0.020742956910074155
466,2024-03-10,2024-03-11,2024-03-14,drawdown_recovery_k1,"[""NTRNUSDT""]","[""BICOUSDT""]",-0.1568121787815172,39,-0.041953044695379305,0.5415538897524381,0.5188340552106976,-0.04285848832450482
467,2024-03-13,2024-03-14,2024-03-17,drawdown_recovery_k1,"[""NTRNUSDT""]","[""ARKUSDT""]",0.05354902502891634,40,0.010637256257229083,0.5188340552106976,0.5243530260109511,0.010581078679263986
468,2024-03-16,2024-03-17,2024-03-20,drawdown_recovery_k1,"[""1000RATSUSDT""]","[""FRONTUSDT""]",0.1741626410232262,41,0.04079066025580655,0.5243530260109511,0.545741732149068,0.03998067455541737
469,2024-03-19,2024-03-20,2024-03-23,drawdown_recovery_k1,"[""1000RATSUSDT""]","[""JTOUSDT""]",0.2184956537544409,41,0.051873913438610225,0.545741732149068,0.5740514915224059,0.05057325298662818
470,2024-03-22,2024-03-23,2024-03-26,drawdown_recovery_k1,"[""1000RATSUSDT""]","[""POLYXUSDT""]",-0.2532157719092025,40,-0.06605394297730063,0.5740514915224059,0.5361331270353505,-0.06833659721485036
471,2024-03-25,2024-03-26,2024-03-29,drawdown_recovery_k1,"[""1000RATSUSDT""]","[""POLYXUSDT""]",-0.022618020783740644,40,-0.008404505195935162,0.5361331270353505,0.531627193383469,-0.008440022191583216
472,2024-03-28,2024-03-29,2024-04-01,drawdown_recovery_k1,"[""1000RATSUSDT""]","[""BONDUSDT""]",0.31610104715756904,40,0.07627526178939226,0.531627193383469,0.5721771967331529,0.07350624853023227
473,2024-03-31,2024-04-01,2024-04-04,drawdown_recovery_k1,"[""BIGTIMEUSDT""]","[""JTOUSDT""]",-0.33283135155670873,39,-0.08595783788917719,0.5721771967331529,0.5229940820124807,-0.08987857936781216
474,2024-04-03,2024-04-04,2024-04-07,drawdown_recovery_k1,"[""BIGTIMEUSDT""]","[""JTOUSDT""]",0.22337708283430013,39,0.05309427070857503,0.5229940820124807,0.550762071381834,0.05173275498374232
475,2024-04-06,2024-04-07,2024-04-10,drawdown_recovery_k1,"[""BIGTIMEUSDT""]","[""KASUSDT""]",0.013112545027003986,39,0.0005281362567509963,0.550762071381834,0.5510529488005741,0.0005279968418827677
476,2024-04-09,2024-04-10,2024-04-13,drawdown_recovery_k1,"[""BIGTIMEUSDT""]","[""ETHWUSDT""]",-0.10821417667825617,40,-0.029803544169564045,0.5510529488005741,0.5346296179012276,-0.030256696207546962
477,2024-04-12,2024-04-13,2024-04-16,drawdown_recovery_k1,"[""1000RATSUSDT""]","[""ORBSUSDT""]",-0.14840652367551888,39,-0.03985163091887972,0.5346296179012276,0.5133237556903263,-0.04066745533588302
478,2024-04-15,2024-04-16,2024-04-19,drawdown_recovery_k1,"[""1000RATSUSDT""]","[""ONGUSDT""]",-0.3384290959261327,37,-0.08735727398153317,0.5133237556903263,0.46848119172325686,-0.09141079368155154
479,2024-04-18,2024-04-19,2024-04-22,drawdown_recovery_k1,"[""1000RATSUSDT""]","[""ONGUSDT""]",0.17496327296244285,36,0.04099081824061071,0.46848119172325686,0.4876846191023296,0.040172969460034784
480,2024-04-21,2024-04-22,2024-04-25,drawdown_recovery_k1,"[""BADGERUSDT""]","[""ONGUSDT""]",0.03701019642960157,36,0.006502549107400392,0.4876846191023296,0.49085581228696634,0.006481498739708586
481,2024-04-24,2024-04-25,2024-04-28,drawdown_recovery_k1,"[""1000RATSUSDT""]","[""ONGUSDT""]",0.04303151031156016,36,0.008007877577890038,0.49085581228696634,0.4947865255401561,0.007975984676070037
482,2024-04-27,2024-04-28,2024-05-01,drawdown_recovery_k1,"[""1000RATSUSDT""]","[""1000BONKUSDT""]",-0.09703562632524021,35,-0.027008906581310055,0.4947865255401561,0.48142288249415105,-0.02738035057010376
483,2024-04-30,2024-05-01,2024-05-04,drawdown_recovery_k1,"[""1000RATSUSDT""]","[""1000BONKUSDT""]",-0.07017452398707746,34,-0.02029363099676937,0.48142288249415105,0.4716530641634137,-0.020502375679689554
484,2024-05-03,2024-05-04,2024-05-07,drawdown_recovery_k1,"[""1000RATSUSDT""]","[""1000BONKUSDT""]",0.02827002424264491,30,0.004317506060661227,0.4716530641634137,0.47368942912646866,0.004308212372137901
485,2024-05-06,2024-05-07,2024-05-10,drawdown_recovery_k1,"[""1000RATSUSDT""]","[""LSKUSDT""]",-0.08213304616893169,30,-0.023283261542232925,0.47368942912646866,0.4626603942583261,-0.023558598907799783
486,2024-05-09,2024-05-10,2024-05-13,drawdown_recovery_k1,"[""1000RATSUSDT""]","[""LSKUSDT""]",0.055361977436884535,28,0.011090494359221131,0.4626603942583261,0.4677915267510831,0.011029445784525263
487,2024-05-12,2024-05-13,2024-05-16,drawdown_recovery_k1,"[""PYTHUSDT""]","[""MOVRUSDT""]",0.0723234397619128,28,0.015330859940478198,0.4677915267510831,0.4749631731290464,0.015214529761655103
488,2024-05-15,2024-05-16,2024-05-19,drawdown_recovery_k1,"[""PYTHUSDT""]","[""JTOUSDT""]",-0.06395851218823323,27,-0.01873962804705831,0.4749631731290464,0.4660625399285575,-0.018917439798257146
489,2024-05-18,2024-05-19,2024-05-22,drawdown_recovery_k1,"[""PYTHUSDT""]","[""JUPUSDT""]",0.07542178065061755,25,0.016105445162654386,0.4660625399285575,0.47356868460774426,0.01597712837995197
490,2024-05-21,2024-05-22,2024-05-25,drawdown_recovery_k1,"[""MAVIAUSDT""]","[""AIUSDT""]",0.011944175627113918,26,0.00023604390677847936,0.47356868460774426,0.47368046761018706,0.0002360160527986852
491,2024-05-24,2024-05-25,2024-05-28,drawdown_recovery_k1,"[""MAVIAUSDT""]","[""ONDOUSDT""]",-0.018742322037176518,27,-0.007435580509294129,0.47368046761018706,0.4701583783575914,-0.007463362239248707
492,2024-05-27,2024-05-28,2024-05-31,drawdown_recovery_k1,"[""JTOUSDT""]","[""1000RATSUSDT""]",-0.12210108031314393,23,-0.033275270078285984,0.4701583783575914,0.4545137313381736,-0.03384148804328158
493,2024-05-30,2024-05-31,2024-06-03,drawdown_recovery_k1,"[""MAVIAUSDT""]","[""1000RATSUSDT""]",0.15765792951516255,26,0.036664482378790636,0.4545137313381736,0.47117824203174047,0.03600833049070787
494,2024-06-02,2024-06-03,2024-06-06,drawdown_recovery_k1,"[""LSKUSDT""]","[""ACEUSDT""]",0.022126815890436413,26,0.0027817039726091035,0.47117824203174047,0.4724889204194071,0.002777842194005674
495,2024-06-05,2024-06-06,2024-06-09,drawdown_recovery_k1,"[""LSKUSDT""]","[""AIUSDT""]",0.050701017201969956,27,0.009925254300492486,0.4724889204194071,0.47717849310873484,0.009876322471538537
496,2024-06-08,2024-06-09,2024-06-12,drawdown_recovery_k1,"[""LSKUSDT""]","[""OMUSDT""]",-0.014275357811483591,26,-0.006318839452870898,0.47717849310873484,0.47416327882041787,-0.006338887818443989
497,2024-06-11,2024-06-12,2024-06-15,drawdown_recovery_k1,"[""LSKUSDT""]","[""TONUSDT""]",-0.24530845836470672,28,-0.06407711459117668,0.47416327882041787,0.4437802640685139,-0.06622219328230772
498,2024-06-14,2024-06-15,2024-06-18,drawdown_recovery_k1,"[""LSKUSDT""]","[""TONUSDT""]",-0.013063217012509787,27,-0.0060158042531274466,0.4437802640685139,0.4411105688684765,-0.006033972102997542
499,2024-06-17,2024-06-18,2024-06-21,drawdown_recovery_k1,"[""AEVOUSDT""]","[""TONUSDT""]",-0.1120506574191662,27,-0.030762664354791552,0.4411105688684765,0.4275408324950244,-0.031245768655013332
500,2024-06-20,2024-06-21,2024-06-24,drawdown_recovery_k1,"[""AEVOUSDT""]","[""TONUSDT""]",-0.03962446921468232,27,-0.012656117303670583,0.4275408324950244,0.4221298255668584,-0.012736888177021784
501,2024-06-23,2024-06-24,2024-06-27,drawdown_recovery_k1,"[""WIFUSDT""]","[""TONUSDT""]",0.24873940971105446,27,0.05943485242776361,0.4221298255668584,0.44721904945478225,0.05773560785764924
502,2024-06-26,2024-06-27,2024-06-30,drawdown_recovery_k1,"[""DYMUSDT""]","[""TONUSDT""]",-0.05977218450733901,25,-0.017693046126834755,0.44721904945478225,0.4393063821839796,-0.01785143915181552
503,2024-06-29,2024-06-30,2024-07-03,drawdown_recovery_k1,"[""DYMUSDT""]","[""TONUSDT""]",-0.0029669272174268624,25,-0.0034917318043567154,0.4393063821839796,0.4377724421174509,-0.003497842127740313
504,2024-07-02,2024-07-03,2024-07-06,drawdown_recovery_k1,"[""XAIUSDT""]","[""TONUSDT""]",-0.1288517359932605,27,-0.03496293399831513,0.4377724421174509,0.4224666331174173,-0.03558876801636995
505,2024-07-05,2024-07-06,2024-07-09,drawdown_recovery_k1,"[""DYMUSDT""]","[""TONUSDT""]",0.306753030917019,27,0.07393825772925475,0.4224666331174173,0.45370307991886333,0.07133250628635847
506,2024-07-08,2024-07-09,2024-07-12,drawdown_recovery_k1,"[""TNSRUSDT""]","[""OMUSDT""]",-0.19251460335890647,27,-0.05087865083972662,0.45370307991886333,0.4306192793307629,-0.052218617988181566
507,2024-07-11,2024-07-12,2024-07-15,drawdown_recovery_k1,"[""MYROUSDT""]","[""OMUSDT""]",0.07421935477353414,28,0.015804838693383533,0.4306192793307629,0.43742514757884665,0.015681242804833535
508,2024-07-14,2024-07-15,2024-07-18,drawdown_recovery_k1,"[""ENAUSDT""]","[""OMUSDT""]",-0.05554026919284705,28,-0.016635067298211764,0.43742514757884665,0.43014855081094233,-0.016774983881726595
509,2024-07-17,2024-07-18,2024-07-21,drawdown_recovery_k1,"[""ETHFIUSDT""]","[""AEVOUSDT""]",0.0445644557419248,27,0.008391113935481198,0.43014855081094233,0.43375797630997903,0.008356104249446692
510,2024-07-20,2024-07-21,2024-07-24,drawdown_recovery_k1,"[""ETHFIUSDT""]","[""AXLUSDT""]",0.12881287438167877,26,0.02945321859541969,0.43375797630997903,0.44653354480374374,0.029027805555151474
511,2024-07-23,2024-07-24,2024-07-27,drawdown_recovery_k1,"[""ETHFIUSDT""]","[""METISUSDT""]",-0.07587413214423733,26,-0.021718533036059334,0.44653354480374374,0.43683549125921495,-0.02195785182173621
512,2024-07-26,2024-07-27,2024-07-30,drawdown_recovery_k1,"[""ETHFIUSDT""]","[""TAOUSDT""]",0.0658198131912302,24,0.013704953297807548,0.43683549125921495,0.4428223012657473,0.013611889749026189
513,2024-07-29,2024-07-30,2024-08-02,drawdown_recovery_k1,"[""MAVIAUSDT""]","[""BOMEUSDT""]",-0.02564571669194282,25,-0.009161429172985706,0.4428223012657473,0.4387654161164826,-0.009203653151074211
514,2024-08-01,2024-08-02,2024-08-05,drawdown_recovery_k1,"[""MAVIAUSDT""]","[""BOMEUSDT""]",0.020697978800309658,23,0.0024244947000774146,0.4387654161164826,0.43982920054243424,0.0024215603547148123
515,2024-08-04,2024-08-05,2024-08-08,drawdown_recovery_k1,"[""MAVIAUSDT""]","[""TONUSDT""]",0.15088974364573093,23,0.03497243591143273,0.43982920054243424,0.4552110990703812,0.034374794393064984
516,2024-08-07,2024-08-08,2024-08-11,drawdown_recovery_k1,"[""MAVIAUSDT""]","[""GLMUSDT""]",0.007102777371423841,21,-0.0009743056571440399,0.4552110990703812,0.45476758432136216,-0.0009747806014198316
517,2024-08-10,2024-08-11,2024-08-14,drawdown_recovery_k1,"[""MYROUSDT""]","[""TONUSDT""]",0.013324064265572755,21,0.0005810160663931886,0.45476758432136216,0.4550318115943277,0.0005808473419098264
518,2024-08-13,2024-08-14,2024-08-17,drawdown_recovery_k1,"[""MYROUSDT""]","[""SAGAUSDT""]",0.00213711303746722,21,-0.002215721740633195,0.4550318115943277,0.45402358771669843,-0.0022181800840571256
519,2024-08-16,2024-08-17,2024-08-20,drawdown_recovery_k1,"[""MYROUSDT""]","[""TONUSDT""]",0.0008943954614080152,22,-0.002526401134647996,0.45402358771669843,0.45287654200953403,-0.0025295978712890064
520,2024-08-19,2024-08-20,2024-08-23,drawdown_recovery_k1,"[""MYROUSDT""]","[""TONUSDT""]",0.040148450721856355,20,0.007287112680464087,0.45287654200953403,0.45617670440149644,0.007260689960763966
521,2024-08-22,2024-08-23,2024-08-26,drawdown_recovery_k1,"[""MYROUSDT""]","[""TONUSDT""]",0.2562812412591766,18,0.06132031031479415,0.45617670440149644,0.4841496014737763,0.05951370880670381
522,2024-08-25,2024-08-26,2024-08-29,drawdown_recovery_k1,"[""MYROUSDT""]","[""TAOUSDT""]",-0.07674242385490926,18,-0.021935605963727317,0.4841496014737763,0.4735294865883519,-0.02217976854197085
523,2024-08-28,2024-08-29,2024-09-01,drawdown_recovery_k1,"[""MYROUSDT""]","[""TAOUSDT""]",0.015240840997550964,18,0.001060210249387741,0.4735294865883519,0.4740315274034202,0.0010596486234272994
524,2024-08-31,2024-09-01,2024-09-04,drawdown_recovery_k1,"[""MYROUSDT""]","[""TAOUSDT""]",0.10696420902101,16,0.0239910522552525,0.4740315274034202,0.4854040425479928,0.023707788547159183
525,2024-09-03,2024-09-04,2024-09-07,drawdown_recovery_k1,"[""ENAUSDT""]","[""VANRYUSDT""]",-0.011169053229659998,15,-0.005542263307414999,0.4854040425479928,0.48271380553370813,-0.005557678632276306
526,2024-09-06,2024-09-07,2024-09-10,drawdown_recovery_k1,"[""ENAUSDT""]","[""BBUSDT""]",0.019290026338484534,15,0.0020725065846211336,0.48271380553370813,0.4837142330741643,0.0020703619055793096
527,2024-09-09,2024-09-10,2024-09-13,drawdown_recovery_k1,"[""ENAUSDT""]","[""SAGAUSDT""]",-0.00629416251738768,15,-0.00432354062934692,0.4837142330741643,0.48162287493447475,-0.004332914158780883
528,2024-09-12,2024-09-13,2024-09-16,drawdown_recovery_k1,"[""ENAUSDT""]","[""TAOUSDT""]",-0.029697456199873296,13,-0.010174364049968326,0.48162287493447475,0.47672266847009903,-0.010226476668382284
529,2024-09-15,2024-09-16,2024-09-19,drawdown_recovery_k1,"[""ENAUSDT""]","[""SAGAUSDT""]",-0.33387603022297707,13,-0.08621900755574427,0.47672266847009903,0.435620113115281,-0.09016435063369582
530,2024-09-18,2024-09-19,2024-09-22,drawdown_recovery_k1,"[""ENAUSDT""]","[""SAGAUSDT""]",0.0524239538956115,15,0.010355988473902872,0.435620113115281,0.44013138998570306,0.010302732587929528
531,2024-09-21,2024-09-22,2024-09-25,drawdown_recovery_k1,"[""NOTUSDT""]","[""BBUSDT""]",0.04570636544802009,15,0.00867659136200502,0.44013138998570306,0.44395023020220026,0.008639166070009618
532,2024-09-24,2024-09-25,2024-09-28,drawdown_recovery_k1,"[""NOTUSDT""]","[""ENAUSDT""]",0.1561911460226646,15,0.036297786505666146,0.44395023020220026,0.4600646408772211,0.03565454124673217
533,2024-09-27,2024-09-28,2024-10-01,drawdown_recovery_k1,"[""MEWUSDT""]","[""NOTUSDT""]",0.09161378914177354,15,0.020153447285443382,0.4600646408772211,0.4693365293650366,0.019953054496581687
534,2024-09-30,2024-10-01,2024-10-04,drawdown_recovery_k1,"[""BBUSDT""]","[""SAGAUSDT""]",0.045330995432420806,14,0.0085827488581052,0.4693365293650366,0.47336472692651144,0.008546126467122135
535,2024-10-03,2024-10-04,2024-10-07,drawdown_recovery_k1,"[""BBUSDT""]","[""TAOUSDT""]",-0.18924747284103804,13,-0.050061868210259514,0.47336472692651144,0.44966720435173096,-0.05135842094009051
536,2024-10-06,2024-10-07,2024-10-10,drawdown_recovery_k1,"[""BBUSDT""]","[""TAOUSDT""]",0.057312677010413426,12,0.011578169252603354,0.44966720435173096,0.4548735273510603,0.011511655166225102
537,2024-10-09,2024-10-10,2024-10-13,drawdown_recovery_k1,"[""BBUSDT""]","[""TURBOUSDT""]",-0.30950799188047773,10,-0.08012699797011943,0.4548735273510603,0.4184258771483408,-0.08351965973949331
538,2024-10-12,2024-10-13,2024-10-16,drawdown_recovery_k1,"[""BBUSDT""]","[""TURBOUSDT""]",-0.24223038545783449,10,-0.06330759636445862,0.4184258771483408,0.3919363406093891,-0.06540032850897692
539,2024-10-15,2024-10-16,2024-10-19,drawdown_recovery_k1,"[""ZROUSDT""]","[""TURBOUSDT""]",0.107261744452266,9,0.024065436113066496,0.3919363406093891,0.40136845957471345,0.02378042702980775
540,2024-10-18,2024-10-19,2024-10-22,drawdown_recovery_k1,"[""ZROUSDT""]","[""MEWUSDT""]",-0.013437512792237372,9,-0.006109378198059343,0.40136845957471345,0.398916347858399,-0.006128116808866204
541,2024-10-21,2024-10-22,2024-10-25,drawdown_recovery_k1,"[""ZROUSDT""]","[""MEWUSDT""]",-0.25905496375449366,9,-0.06751374093862342,0.398916347858399,0.3719840128929053,-0.06990086316375338
542,2024-10-24,2024-10-25,2024-10-28,drawdown_recovery_k1,"[""ZROUSDT""]","[""MEWUSDT""]",0.03210126837425076,10,0.00527531709356269,0.3719840128929053,0.37394634651465125,0.005261451351092278
543,2024-10-27,2024-10-28,2024-10-31,drawdown_recovery_k1,"[""ZROUSDT""]","[""MEWUSDT""]",0.10007737237016334,10,0.022269343092540833,0.37394634651465125,0.3822738860033882,0.022025002159936708
544,2024-10-30,2024-10-31,2024-11-03,drawdown_recovery_k1,"[""TURBOUSDT""]","[""LISTAUSDT""]",-0.012207526653995826,9,-0.005801881663498956,0.3822738860033882,0.38005597815375064,-0.005818777964171532
545,2024-11-02,2024-11-03,2024-11-06,drawdown_recovery_k1,"[""TURBOUSDT""]","[""LISTAUSDT""]",0.013632084451497217,9,0.0006580211128743043,0.38005597815375064,0.3803060630114499,0.0006578047119076239
546,2024-11-05,2024-11-06,2024-11-09,drawdown_recovery_k1,"[""TURBOUSDT""]","[""LISTAUSDT""]",0.08782454549794272,9,0.019206136374485677,0.3803060630114499,0.3876102731216916,0.0190240265932314
547,2024-11-08,2024-11-09,2024-11-12,drawdown_recovery_k1,"[""TURBOUSDT""]","[""IOUSDT""]",-0.27262667372760796,9,-0.07090666843190199,0.3876102731216916,0.3601261200046529,-0.07354608066328769
548,2024-11-11,2024-11-12,2024-11-15,drawdown_recovery_k1,"[""TURBOUSDT""]","[""IOUSDT""]",0.11686939288085929,8,0.02646734822021482,0.3601261200046529,0.36965770342601095,0.0261231481255567
549,2024-11-14,2024-11-15,2024-11-18,drawdown_recovery_k1,"[""BANANAUSDT""]","[""RENDERUSDT""]",0.010993036601944839,11,-1.740849513790334e-06,0.36965770342601095,0.3696570599075777,-1.7408510290452371e-06
550,2024-11-17,2024-11-18,2024-11-21,drawdown_recovery_k1,"[""SYNUSDT""]","[""MEWUSDT""]",0.003381427575353091,12,-0.0019046431061617273,0.3696570599075777,0.3689529951367807,-0.001906459245273661
551,2024-11-20,2024-11-21,2024-11-24,drawdown_recovery_k1,"[""SYNUSDT""]","[""BANANAUSDT""]",0.05720652179477903,17,0.011551630448694755,0.3689529951367807,0.3732150037895398,0.011485419772021405
552,2024-11-23,2024-11-24,2024-11-27,drawdown_recovery_k1,"[""POPCATUSDT""]","[""IOUSDT""]",-0.06781984056678092,18,-0.019704960141695232,0.3732150037895398,0.3658608170155843,-0.01990169154740973
553,2024-11-26,2024-11-27,2024-11-30,drawdown_recovery_k1,"[""POPCATUSDT""]","[""GUSDT""]",0.002542259718715023,21,-0.002114435070321244,0.3658608170155843,0.3650872280732302,-0.0021166736442573796
554,2024-11-29,2024-11-30,2024-12-03,drawdown_recovery_k1,"[""POPCATUSDT""]","[""CHESSUSDT""]",-0.20828510039864634,21,-0.05482127509966159,0.3650872280732302,0.34507268070765473,-0.056381242491962816
555,2024-12-02,2024-12-03,2024-12-06,drawdown_recovery_k1,"[""POPCATUSDT""]","[""ALPACAUSDT""]",0.019822584693183654,22,0.0022056461732959136,0.34507268070765473,0.34583378894536654,0.002203217306599782
556,2024-12-05,2024-12-06,2024-12-09,drawdown_recovery_k1,"[""POPCATUSDT""]","[""CHESSUSDT""]",0.06394771656360887,25,0.013236929140902215,0.34583378894536654,0.3504115663041661,0.013150086508116457
557,2024-12-08,2024-12-09,2024-12-12,drawdown_recovery_k1,"[""POPCATUSDT""]","[""BSWUSDT""]",0.03162112105078774,26,0.0051552802626969344,0.3504115663041661,0.35221803613575464,0.0051420373000265
558,2024-12-11,2024-12-12,2024-12-15,drawdown_recovery_k1,"[""POPCATUSDT""]","[""AERGOUSDT""]",-0.04458277108238062,26,-0.013895692770595158,0.35221803613575464,0.34732372251734983,-0.013993141709569026
559,2024-12-14,2024-12-15,2024-12-18,drawdown_recovery_k1,"[""POPCATUSDT""]","[""UXLINKUSDT""]",-0.17964104113220314,28,-0.04766026028305079,0.34732372251734983,0.33077018349969484,-0.0488334384029515
560,2024-12-17,2024-12-18,2024-12-21,drawdown_recovery_k1,"[""NEIROETHUSDT""]","[""ZROUSDT""]",-0.02228863714833318,29,-0.008322159287083295,0.33077018349969484,0.3280174613451926,-0.008356981788201021
561,2024-12-20,2024-12-21,2024-12-24,drawdown_recovery_k1,"[""POPCATUSDT""]","[""UXLINKUSDT""]",-0.17162270811781832,30,-0.04565567702945458,0.3280174613451926,0.3130416020699949,-0.04673074710616219
562,2024-12-23,2024-12-24,2024-12-27,drawdown_recovery_k1,"[""NEIROUSDT""]","[""UXLINKUSDT""]",-0.4864935743521218,32,-0.12437339358803046,0.3130416020699949,0.2741075556863158,-0.1328155273035754
563,2024-12-26,2024-12-27,2024-12-30,drawdown_recovery_k1,"[""NEIROUSDT""]","[""UXLINKUSDT""]",0.19973026917310366,34,0.04718256729327591,0.2741075556863158,0.28704065387808075,0.04610328850523903
564,2024-12-29,2024-12-30,2025-01-02,drawdown_recovery_k1,"[""NEIROUSDT""]","[""AERGOUSDT""]",0.17877089177260874,35,0.04194272294315218,0.28704065387808075,0.29907992049711035,0.04108697343566732
565,2025-01-01,2025-01-02,2025-01-05,drawdown_recovery_k1,"[""POPCATUSDT""]","[""AERGOUSDT""]",0.20348553959492421,37,0.04812138489873105,0.29907992049711035,0.3134720604668337,0.04699940447666863
566,2025-01-04,2025-01-05,2025-01-08,drawdown_recovery_k1,"[""COSUSDT""]","[""SUNUSDT""]",-0.04265075301184795,37,-0.01341268825296199,0.3134720604668337,0.30926755744377843,-0.013503450849995326
567,2025-01-07,2025-01-08,2025-01-11,drawdown_recovery_k1,"[""COSUSDT""]","[""GUSDT""]",0.016658543406567694,37,0.0014146358516419235,0.30926755744377843,0.30970505841828816,0.0014136361969994658
568,2025-01-10,2025-01-11,2025-01-14,drawdown_recovery_k1,"[""POPCATUSDT""]","[""GUSDT""]",0.17359522107554537,37,0.04064880526888634,0.30970505841828816,0.3222941990287222,0.03984436985908628
569,2025-01-13,2025-01-14,2025-01-17,drawdown_recovery_k1,"[""NEIROUSDT""]","[""HMSTRUSDT""]",0.09162790331096282,37,0.020156975827740703,0.3222941990287222,0.3287906754079652,0.01995651332545132
570,2025-01-16,2025-01-17,2025-01-20,drawdown_recovery_k1,"[""UXLINKUSDT""]","[""HMSTRUSDT""]",-0.11296662484305542,37,-0.030991656210763857,0.3287906754079652,0.31860090783041667,-0.03148205640683703
571,2025-01-19,2025-01-20,2025-01-23,drawdown_recovery_k1,"[""UXLINKUSDT""]","[""FIDAUSDT""]",0.01817863716152912,38,0.0017946592903822802,0.31860090783041667,0.31917268790957876,0.0017930508135558015
572,2025-01-22,2025-01-23,2025-01-26,drawdown_recovery_k1,"[""UXLINKUSDT""]","[""BANANAUSDT""]",0.014705856774046788,40,0.000926464193511697,0.31917268790957876,0.3194683899764738,0.0009260352904491261
573,2025-01-25,2025-01-26,2025-01-29,drawdown_recovery_k1,"[""MOODENGUSDT""]","[""BANANAUSDT""]",-0.05969208985601204,41,-0.017673022464003013,0.3194683899764738,0.3138224179438807,-0.017831055035963415
574,2025-01-28,2025-01-29,2025-02-01,drawdown_recovery_k1,"[""GOATUSDT""]","[""SANTOSUSDT""]",0.0503503311191813,42,0.009837582779795323,0.3138224179438807,0.3169096719585592,0.009789508793078354
575,2025-01-31,2025-02-01,2025-02-04,drawdown_recovery_k1,"[""GOATUSDT""]","[""SANTOSUSDT""]",-0.06710236167931849,43,-0.019525590419829625,0.3169096719585592,0.3107218235038138,-0.019718733043627236
576,2025-02-03,2025-02-04,2025-02-07,drawdown_recovery_k1,"[""GOATUSDT""]","[""SANTOSUSDT""]",-0.14425444596443227,44,-0.03881361149110807,0.3107218235038138,0.2986615873645281,-0.03958693615549185
577,2025-02-06,2025-02-07,2025-02-10,drawdown_recovery_k1,"[""POPCATUSDT""]","[""SUNUSDT""]",0.349551875361396,50,0.08463796884034899,0.2986615873645281,0.32393969748969614,0.08124626204087751
578,2025-02-09,2025-02-10,2025-02-13,drawdown_recovery_k1,"[""PNUTUSDT""]","[""SUNUSDT""]",-0.11638464389272207,52,-0.03184616097318052,0.32393969748969614,0.3136234617378359,-0.03236427971825579
579,2025-02-12,2025-02-13,2025-02-16,drawdown_recovery_k1,"[""PNUTUSDT""]","[""BSWUSDT""]",0.3085071149038303,51,0.07437677872595758,0.3136234617378359,0.3369497645547797,0.07174075274495693
580,2025-02-15,2025-02-16,2025-02-19,drawdown_recovery_k1,"[""PNUTUSDT""]","[""ALPACAUSDT""]",0.02521744642834689,51,0.0035543616070867227,0.3369497645547797,0.33814740586143016,0.003548059792074736
581,2025-02-18,2025-02-19,2025-02-22,drawdown_recovery_k1,"[""GOATUSDT""]","[""ALPACAUSDT""]",0.06487135171012215,50,0.013467837927530535,0.33814740586143016,0.3427015203191868,0.013377952738442124
582,2025-02-21,2025-02-22,2025-02-25,drawdown_recovery_k1,"[""GOATUSDT""]","[""BANUSDT""]",-0.07317407464142622,48,-0.02104351866035656,0.3427015203191868,0.3354898744814174,-0.021268089595277723
583,2025-02-24,2025-02-25,2025-02-28,drawdown_recovery_k1,"[""GOATUSDT""]","[""GRASSUSDT""]",0.02491174788382633,48,0.0034779369709565825,0.3354898744814174,0.33665668711925795,0.003471902934787181
584,2025-02-27,2025-02-28,2025-03-03,drawdown_recovery_k1,"[""BANUSDT""]","[""NEIROETHUSDT""]",0.1213616446019018,49,0.027590411150475447,0.33665668711925795,0.34594518353343523,0.02721665490456161
585,2025-03-02,2025-03-03,2025-03-06,drawdown_recovery_k1,"[""BANUSDT""]","[""GRASSUSDT""]",0.03609909925288113,49,0.006274774813220281,0.34594518353343523,0.34811591165782574,0.0062551703799388
586,2025-03-05,2025-03-06,2025-03-09,drawdown_recovery_k1,"[""BANUSDT""]","[""NEIROETHUSDT""]",0.19078888337937716,49,0.04494722084484429,0.34811591165782574,0.3637627544187143,0.04396637777271466
587,2025-03-08,2025-03-09,2025-03-12,drawdown_recovery_k1,"[""BANUSDT""]","[""HMSTRUSDT""]",-0.012484691562705708,49,-0.005871172890676427,0.3637627544187143,0.36162704039633337,-0.005888475985781337
588,2025-03-11,2025-03-12,2025-03-15,drawdown_recovery_k1,"[""RAYSOLUSDT""]","[""HMSTRUSDT""]",0.05901240185271173,53,0.01200310046317793,0.36162704039633337,0.36596768609241226,0.01193163455937316
589,2025-03-14,2025-03-15,2025-03-18,drawdown_recovery_k1,"[""RAYSOLUSDT""]","[""HMSTRUSDT""]",0.13926280921840895,55,0.032065702304602234,0.36596768609241226,0.37770269696775566,0.03156233005667877
590,2025-03-17,2025-03-18,2025-03-21,drawdown_recovery_k1,"[""RAYSOLUSDT""]","[""1000CHEEMSUSDT""]",-0.16295930331486552,55,-0.04348982582871638,0.37770269696775566,0.3612764724615915,-0.04446385328303881
591,2025-03-20,2025-03-21,2025-03-24,drawdown_recovery_k1,"[""RAYSOLUSDT""]","[""1000CHEEMSUSDT""]",-0.06483736289677422,57,-0.018959340724193557,0.3612764724615915,0.35442690872455745,-0.019141373511338714
592,2025-03-23,2025-03-24,2025-03-27,drawdown_recovery_k1,"[""BANUSDT""]","[""1000CHEEMSUSDT""]",-0.0878393469959513,57,-0.02470983674898783,0.35442690872455745,0.34566907767052524,-0.0250202489250067
593,2025-03-26,2025-03-27,2025-03-30,drawdown_recovery_k1,"[""AIXBTUSDT""]","[""SWELLUSDT""]",0.04099060928246101,56,0.007497652320615251,0.34566907767052524,0.34826078423288653,0.00746968463312271
594,2025-03-29,2025-03-30,2025-04-02,drawdown_recovery_k1,"[""AIXBTUSDT""]","[""SANTOSUSDT""]",0.049211176709738624,55,0.009552794177434654,0.34826078423288653,0.3515876478247353,0.009507454755881417
595,2025-04-01,2025-04-02,2025-04-05,drawdown_recovery_k1,"[""ACTUSDT""]","[""BANUSDT""]",-0.25754734991788264,54,-0.06713683747947066,0.3515876478247353,0.3279831650529367,-0.06949675285613893
596,2025-04-04,2025-04-05,2025-04-08,drawdown_recovery_k1,"[""ACTUSDT""]","[""KAIAUSDT""]",0.11467423688283385,58,0.02591855922070846,0.3279831650529367,0.33648401613975665,0.02558836662019182
597,2025-04-07,2025-04-08,2025-04-11,drawdown_recovery_k1,"[""ACTUSDT""]","[""GRASSUSDT""]",0.08264751367075318,61,0.017911878417688293,0.33648401613975665,0.34251107692634747,0.017753350941115468
598,2025-04-10,2025-04-11,2025-04-14,drawdown_recovery_k1,"[""ACTUSDT""]","[""FARTCOINUSDT""]",-0.07287434043983243,63,-0.02096858510995811,0.34251107692634747,0.33532910425871393,-0.02119154821258652
599,2025-04-13,2025-04-14,2025-04-17,drawdown_recovery_k1,"[""TROYUSDT""]","[""ALCHUSDT""]",-0.10765679139243023,63,-0.02966419784810756,0.33532910425871393,0.32538183536575477,-0.030113079608417588
600,2025-04-16,2025-04-17,2025-04-20,drawdown_recovery_k1,"[""TROYUSDT""]","[""DEGOUSDT""]",0.09895547003848282,65,0.021988867509620702,0.32538183536575477,0.33253661343364954,0.02175059887445594
601,2025-04-19,2025-04-20,2025-04-23,drawdown_recovery_k1,"[""TROYUSDT""]","[""RAYSOLUSDT""]",-0.16747713584653123,69,-0.04461928396163281,0.33253661343364954,0.3176990678512138,-0.045645362405855636
602,2025-04-22,2025-04-23,2025-04-26,drawdown_recovery_k1,"[""TROYUSDT""]","[""ALCHUSDT""]",0.18609625668449192,69,0.04377406417112298,0.3176990678512138,0.3316060472344388,0.04284305241044594
603,2025-04-25,2025-04-26,2025-04-29,drawdown_recovery_k1,"[""TROYUSDT""]","[""1000000MOGUSDT""]",0.044762622456669066,69,0.008440655614167264,0.3316060472344388,0.33440501967872,0.008405232470693545
604,2025-04-28,2025-04-29,2025-05-02,drawdown_recovery_k1,"[""TROYUSDT""]","[""AI16ZUSDT""]",-0.15194085027726412,68,-0.04073521256931603,0.33440501967872,0.32078296011786106,-0.04158813435681457
605,2025-05-01,2025-05-02,2025-05-05,drawdown_recovery_k1,"[""MOVEUSDT""]","[""AEROUSDT""]",0.04341625505273672,68,0.008104063763184177,0.32078296011786106,0.3233826056807992,0.00807140218081748
606,2025-05-04,2025-05-05,2025-05-08,drawdown_recovery_k1,"[""MOVEUSDT""]","[""AVAAIUSDT""]",-0.03338663424758348,67,-0.011096658561895872,0.3233826056807992,0.31979413932070316,-0.011158685767513632
607,2025-05-07,2025-05-08,2025-05-11,drawdown_recovery_k1,"[""MOVEUSDT""]","[""BANUSDT""]",0.17862232979848836,65,0.041905582449622086,0.31979413932070316,0.33319529899291284,0.04105132737310336
608,2025-05-10,2025-05-11,2025-05-14,drawdown_recovery_k1,"[""ZEREBROUSDT""]","[""1000XUSDT""]",0.301643377243493,63,0.07266084431087325,0.33319529899291284,0.3574055507381517,0.07014233196088052
609,2025-05-13,2025-05-14,2025-05-17,drawdown_recovery_k1,"[""LAYERUSDT""]","[""ACXUSDT""]",0.05719862761044148,60,0.011549656902610367,0.3574055507381517,0.36153346222426586,0.01148346876136596
610,2025-05-16,2025-05-17,2025-05-20,drawdown_recovery_k1,"[""LAYERUSDT""]","[""1000CHEEMSUSDT""]",-0.00743648485045334,62,-0.004609121212613335,0.36153346222426586,0.3598671106744584,-0.004619775963755292
611,2025-05-19,2025-05-20,2025-05-23,drawdown_recovery_k1,"[""LAYERUSDT""]","[""ANIMEUSDT""]",-0.13262562890609475,62,-0.03590640722652369,0.3598671106744584,0.34694557565114886,-0.03656690114502952
612,2025-05-22,2025-05-23,2025-05-26,drawdown_recovery_k1,"[""LAYERUSDT""]","[""ANIMEUSDT""]",0.08362117719849949,61,0.01815529429962487,0.34694557565114886,0.3532444746830482,0.01799245492192497
613,2025-05-25,2025-05-26,2025-05-29,drawdown_recovery_k1,"[""LAYERUSDT""]","[""SPXUSDT""]",-0.2562507649704193,59,-0.06681269124260483,0.3532444746830482,0.32964326066289357,-0.06914933863008735
614,2025-05-28,2025-05-29,2025-06-01,drawdown_recovery_k1,"[""LAYERUSDT""]","[""DEGOUSDT""]",-0.18235906997148488,56,-0.04833976749287122,0.32964326066289357,0.31370838208685736,-0.04954720652120979
615,2025-05-31,2025-06-01,2025-06-04,drawdown_recovery_k1,"[""LAYERUSDT""]","[""DEGOUSDT""]",0.05901016803612846,56,0.012002542009032113,0.31370838208685736,0.3174736801214404,0.011931082728751648
616,2025-06-03,2025-06-04,2025-06-07,drawdown_recovery_k1,"[""LAYERUSDT""]","[""ANIMEUSDT""]",-0.06520341840810073,54,-0.019050854602025186,0.3174736801214404,0.311425535201477,-0.019234660314032526
617,2025-06-06,2025-06-07,2025-06-10,drawdown_recovery_k1,"[""AVAAIUSDT""]","[""PROMUSDT""]",0.2139562211062802,53,0.05073905527657005,0.311425535201477,0.3272269726466001,0.049493778742793024
618,2025-06-09,2025-06-10,2025-06-13,drawdown_recovery_k1,"[""ARCUSDT""]","[""ANIMEUSDT""]",0.13155650319829437,47,0.03013912579957359,0.3272269726466001,0.3370893075402096,0.029693866711747174
619,2025-06-12,2025-06-13,2025-06-16,drawdown_recovery_k1,"[""GRIFFAINUSDT""]","[""SOLVUSDT""]",-0.053033259011519895,46,-0.016008314752879976,0.3370893075402096,0.3316930758052756,-0.0161378319176985
620,2025-06-15,2025-06-16,2025-06-19,drawdown_recovery_k1,"[""AVAAIUSDT""]","[""BMTUSDT""]",-0.18655672715101645,46,-0.049389181787754116,0.3316930758052756,0.3153110261865895,-0.050650534462770215
621,2025-06-18,2025-06-19,2025-06-22,drawdown_recovery_k1,"[""AVAAIUSDT""]","[""BMTUSDT""]",-0.015460265544769536,46,-0.006615066386192384,0.3153110261865895,0.3132252228160668,-0.00663704290889253
622,2025-06-21,2025-06-22,2025-06-25,drawdown_recovery_k1,"[""SIRENUSDT""]","[""BIDUSDT""]",-0.2860951404706994,48,-0.07427378511767485,0.3132252228160668,0.2899607999231904,-0.0771767523272034
623,2025-06-24,2025-06-25,2025-06-28,drawdown_recovery_k1,"[""SIRENUSDT""]","[""BANANAS31USDT""]",0.2295954470684587,49,0.05464886176711467,0.2899607999231904,0.3058068275960748,0.05320787907878472
624,2025-06-27,2025-06-28,2025-07-01,drawdown_recovery_k1,"[""SIRENUSDT""]","[""BRUSDT""]",0.052944914807002474,51,0.010486228701750616,0.3058068275960748,0.30901358792880407,0.010431629566546837
625,2025-06-30,2025-07-01,2025-07-04,drawdown_recovery_k1,"[""SIRENUSDT""]","[""BROCCOLI714USDT""]",-0.38697060962656604,52,-0.09949265240664151,0.30901358792880407,0.2782690064360744,-0.10479695493982717
626,2025-07-03,2025-07-04,2025-07-07,drawdown_recovery_k1,"[""SIRENUSDT""]","[""ALCHUSDT""]",0.1597339101335895,49,0.037183477533397374,0.2782690064360744,0.28861601578513096,0.036508844680246975
627,2025-07-06,2025-07-07,2025-07-10,drawdown_recovery_k1,"[""SIRENUSDT""]","[""BANANAS31USDT""]",-0.5230087636741063,50,-0.13350219091852658,0.28861601578513096,0.25008514534363996,-0.14329569829883207
628,2025-07-09,2025-07-10,2025-07-13,drawdown_recovery_k1,"[""SIRENUSDT""]","[""BANANAS31USDT""]",0.36694565023516656,45,0.08898641255879164,0.25008514534363996,0.2723393252620145,0.08524736688381304
629,2025-07-12,2025-07-13,2025-07-16,drawdown_recovery_k1,"[""SIRENUSDT""]","[""FORMUSDT""]",0.10252433404311023,49,0.022881083510777556,0.2723393252620145,0.27857074410660343,0.02262323731029389
630,2025-07-15,2025-07-16,2025-07-19,drawdown_recovery_k1,"[""BANANAS31USDT""]","[""AVAAIUSDT""]",0.07581129719764723,52,0.016202824299411805,0.27857074410660343,0.28308437692831917,0.016072959448786676
631,2025-07-18,2025-07-19,2025-07-22,drawdown_recovery_k1,"[""BANANAS31USDT""]","[""BROCCOLI714USDT""]",0.03998113710454554,48,0.007245284276136383,0.28308437692831917,0.28513540371329776,0.007219163297408279
632,2025-07-21,2025-07-22,2025-07-25,drawdown_recovery_k1,"[""BANANAS31USDT""]","[""ANIMEUSDT""]",0.04438023749950348,50,0.008345059374875868,0.28513540371329776,0.28751487558716443,0.008310431879185643
633,2025-07-24,2025-07-25,2025-07-28,drawdown_recovery_k1,"[""PUMPUSDT""]","[""BABYUSDT""]",-0.00882332923981699,49,-0.0049558323099542475,0.28751487558716443,0.2860900000771371,-0.004968153170498156
634,2025-07-27,2025-07-28,2025-07-31,drawdown_recovery_k1,"[""PUMPUSDT""]","[""BROCCOLI714USDT""]",0.09395546780378894,51,0.020738866950947232,0.2860900000771371,0.2920231825247333,0.020526744423753462
635,2025-07-30,2025-07-31,2025-08-03,drawdown_recovery_k1,"[""PUMPUSDT""]","[""B3USDT""]",0.18620686917489815,54,0.043801717293724535,0.2920231825247333,0.30481429940889543,0.04286954545836181
636,2025-08-02,2025-08-03,2025-08-06,drawdown_recovery_k1,"[""PUMPUSDT""]","[""PAXGUSDT""]",0.16487093736646052,55,0.03846773434161513,0.30481429940889543,0.31653981490208233,0.03774629436808488
637,2025-08-05,2025-08-06,2025-08-09,drawdown_recovery_k1,"[""PUMPUSDT""]","[""MILKUSDT""]",-0.03464229306814848,61,-0.011410573267037122,0.31653981490208233,0.3129279141522078,-0.011476173358700494
638,2025-08-08,2025-08-09,2025-08-12,drawdown_recovery_k1,"[""BANANAS31USDT""]","[""AIOTUSDT""]",0.1103955595486148,61,0.024848889887153697,0.3129279141522078,0.32070382543359266,0.024545177221973864
639,2025-08-11,2025-08-12,2025-08-15,drawdown_recovery_k1,"[""FUNUSDT""]","[""ALPINEUSDT""]",0.16602032132706768,62,0.03875508033176692,0.32070382543359266,0.3331327279509765,0.038022957988332884
640,2025-08-14,2025-08-15,2025-08-18,drawdown_recovery_k1,"[""BIDUSDT""]","[""AIOTUSDT""]",-0.24951757657419216,60,-0.06512939414354804,0.3331327279509765,0.311435995210142,-0.06734714872849482
641,2025-08-17,2025-08-18,2025-08-21,drawdown_recovery_k1,"[""FUNUSDT""]","[""AIOTUSDT""]",-0.6586934294620903,58,-0.16742335736552258,0.311435995210142,0.2592943352875872,-0.18322999814049915
642,2025-08-20,2025-08-21,2025-08-24,drawdown_recovery_k1,"[""ASRUSDT""]","[""BRUSDT""]",-0.4856497701517548,60,-0.1241624425379387,0.2592943352875872,0.22709971728202916,-0.13257464192839857
643,2025-08-23,2025-08-24,2025-08-27,drawdown_recovery_k1,"[""ASRUSDT""]","[""BANKUSDT""]",-0.08201469312406662,61,-0.023253673281016657,0.22709971728202916,0.2218188146541416,-0.023528305771731775
644,2025-08-26,2025-08-27,2025-08-30,drawdown_recovery_k1,"[""ASRUSDT""]","[""AIOTUSDT""]",0.03126046431051377,63,0.0050651160776284425,0.2218188146541416,0.2229423526985668,0.005052331529163799
645,2025-08-29,2025-08-30,2025-09-02,drawdown_recovery_k1,"[""ASRUSDT""]","[""BANKUSDT""]",0.17101817339075676,65,0.040004543347689187,0.2229423526985668,0.23186105971113244,0.0392250817472863
646,2025-09-01,2025-09-02,2025-09-05,drawdown_recovery_k1,"[""ASRUSDT""]","[""PAXGUSDT""]",-0.029801685284146062,66,-0.010200421321036518,0.23186105971113244,0.2294959792141369,-0.01025280212723898
647,2025-09-04,2025-09-05,2025-09-08,drawdown_recovery_k1,"[""ASRUSDT""]","[""PUMPUSDT""]",-0.06200801508624476,69,-0.018252003771561193,0.2294959792141369,0.22530721773596232,-0.01842062654628043
648,2025-09-07,2025-09-08,2025-09-11,drawdown_recovery_k1,"[""ASRUSDT""]","[""ALPINEUSDT""]",0.12724852859649982,70,0.029062132149124953,0.22530721773596232,0.23185512587195653,0.028647836126350582
649,2025-09-10,2025-09-11,2025-09-14,drawdown_recovery_k1,"[""ASRUSDT""]","[""AGTUSDT""]",0.009475812107391013,72,-0.00038104697315224684,0.23185512587195653,0.2317667781780332,-0.0003811195899976344
650,2025-09-13,2025-09-14,2025-09-17,drawdown_recovery_k1,"[""DOLOUSDT""]","[""ATHUSDT""]",-0.1962609849346405,73,-0.05181524623366013,0.2317667781780332,0.21975772549795633,-0.05320590777612552
651,2025-09-16,2025-09-17,2025-09-20,drawdown_recovery_k1,"[""PROMPTUSDT""]","[""BANKUSDT""]",0.20969312574743904,73,0.049673281436859756,0.21975772549795633,0.23067381284454047,0.048478955212623576
652,2025-09-19,2025-09-20,2025-09-23,drawdown_recovery_k1,"[""DOLOUSDT""]","[""AWEUSDT""]",-0.21637453548750163,66,-0.05684363387187541,0.23067381284454047,0.2175614750833759,-0.05852319235565877
653,2025-09-22,2025-09-23,2025-09-26,drawdown_recovery_k1,"[""DOLOUSDT""]","[""PAXGUSDT""]",-0.18376253253428687,65,-0.04869063313357172,0.2175614750833759,0.20696826911609253,-0.049915962432803905
654,2025-09-25,2025-09-26,2025-09-29,drawdown_recovery_k1,"[""PUMPBTCUSDT""]","[""B2USDT""]",-0.21225784918573942,65,-0.05581446229643486,0.20696826911609253,0.195416446462954,-0.05743258797140731
655,2025-09-28,2025-09-29,2025-10-02,drawdown_recovery_k1,"[""PUMPBTCUSDT""]","[""ATHUSDT""]",0.22048621189072193,62,0.05237155297268048,0.195416446462954,0.20565070924062157,0.051046239195976215
656,2025-10-01,2025-10-02,2025-10-05,drawdown_recovery_k1,"[""ALPINEUSDT""]","[""SOONUSDT""]",-0.4458980860587597,60,-0.11422452151468993,0.20565070924062157,0.18216035537845493,-0.12129177077832891
657,2025-10-04,2025-10-05,2025-10-08,drawdown_recovery_k1,"[""ALPINEUSDT""]","[""DOODUSDT""]",-0.39180394499847515,61,-0.10070098624961879,0.18216035537845493,0.16381662793626348,-0.10613969274815628
658,2025-10-07,2025-10-08,2025-10-11,drawdown_recovery_k1,"[""ALPINEUSDT""]","[""B2USDT""]",-0.3734524227752172,63,-0.0961131056938043,0.16381662793626348,0.14807170306102277,-0.10105104333566013
659,2025-10-10,2025-10-11,2025-10-14,drawdown_recovery_k1,"[""ALPINEUSDT""]","[""BANKUSDT""]",0.040103054078845624,60,0.007275763519711404,0.14807170306102277,0.1491490377564557,0.007249422840847346
660,2025-10-13,2025-10-14,2025-10-17,drawdown_recovery_k1,"[""ALPINEUSDT""]","[""B2USDT""]",-0.21900116798524105,61,-0.057500291996310265,0.1491490377564557,0.14057292453449077,-0.059219669470428074
661,2025-10-16,2025-10-17,2025-10-20,drawdown_recovery_k1,"[""ALPINEUSDT""]","[""B2USDT""]",-0.1357241254888325,61,-0.03668103137220813,0.14057292453449077,0.13541656467955807,-0.03737069811398539
662,2025-10-19,2025-10-20,2025-10-23,drawdown_recovery_k1,"[""ALPINEUSDT""]","[""B2USDT""]",0.07303405301035626,61,0.015508513252589062,0.13541656467955807,0.13751667426751107,0.01538948531442692
663,2025-10-22,2025-10-23,2025-10-26,drawdown_recovery_k1,"[""ALPINEUSDT""]","[""JSTUSDT""]",0.05903951737034241,59,0.0120098793425856,0.13751667426751107,0.13916823293305752,0.011938333013854677
664,2025-10-25,2025-10-26,2025-10-29,drawdown_recovery_k1,"[""ALPINEUSDT""]","[""MERLUSDT""]",0.15272166197322978,59,0.03543041549330744,0.13916823293305752,0.14409902124934515,0.034817200651377174
665,2025-10-28,2025-10-29,2025-11-01,drawdown_recovery_k1,"[""ALPINEUSDT""]","[""VELVETUSDT""]",-0.16293287468970297,59,-0.043483218672425744,0.14409902124934515,0.13783313199787733,-0.044456945741802596
666,2025-10-31,2025-11-01,2025-11-04,drawdown_recovery_k1,"[""MYXUSDT""]","[""ESPORTSUSDT""]",-0.08380745887665353,59,-0.023701864719163385,0.13783313199787733,0.13456622974944507,-0.023987272738162636
667,2025-11-03,2025-11-04,2025-11-07,drawdown_recovery_k1,"[""MYXUSDT""]","[""ESPORTSUSDT""]",0.26770823735579163,57,0.0641770593389479,0.13456622974944507,0.14320229466109372,0.06220178622813192
668,2025-11-06,2025-11-07,2025-11-10,drawdown_recovery_k1,"[""HUSDT""]","[""TAGUSDT""]",0.6891710246460652,58,0.1695427561615163,0.14320229466109372,0.16748120638658914,0.1566128657252661
669,2025-11-09,2025-11-10,2025-11-13,drawdown_recovery_k1,"[""NAORISUSDT""]","[""A2ZUSDT""]",-0.004867439933719964,57,-0.003966859983429991,0.16748120638658914,0.1668168318909976,-0.003974748842070345
670,2025-11-12,2025-11-13,2025-11-16,drawdown_recovery_k1,"[""SQDUSDT""]","[""1000000BOBUSDT""]",0.3205644196418935,55,0.07739110491047338,0.1668168318909976,0.17972697082870662,0.07454247516048527
671,2025-11-15,2025-11-16,2025-11-19,drawdown_recovery_k1,"[""YALAUSDT""]","[""CROSSUSDT""]",0.278632766419353,55,0.06690819160483824,0.17972697082870662,0.19175217742947087,0.06476492513578745
672,2025-11-18,2025-11-19,2025-11-22,drawdown_recovery_k1,"[""YALAUSDT""]","[""SAHARAUSDT""]",-0.12091530276538343,56,-0.03297882569134586,0.19175217742947087,0.1854284157940883,-0.03353488686200556
673,2025-11-21,2025-11-22,2025-11-25,drawdown_recovery_k1,"[""YALAUSDT""]","[""ESPORTSUSDT""]",0.10963736901672627,56,0.024659342254181565,0.1854284157940883,0.19000095856280544,0.02436020832988558
674,2025-11-24,2025-11-25,2025-11-28,drawdown_recovery_k1,"[""PORT3USDT""]","[""ESPORTSUSDT""]",-0.061238476333650205,57,-0.018059619083412554,0.19000095856280544,0.18656961362567792,-0.018224684368281834
675,2025-11-27,2025-11-28,2025-12-01,drawdown_recovery_k1,"[""PORT3USDT""]","[""ESPORTSUSDT""]",0.06939149636481057,56,0.01459787409120264,0.18656961362567792,0.1892931333546299,0.014492350831090739
676,2025-11-30,2025-12-01,2025-12-04,drawdown_recovery_k1,"[""PORT3USDT""]","[""WLFIUSDT""]",-0.00816582914572872,57,-0.00479145728643218,0.1892931333546299,0.1883861433915463,-0.00480297311769725
677,2025-12-03,2025-12-04,2025-12-07,drawdown_recovery_k1,"[""PTBUSDT""]","[""MYXUSDT""]",-0.28867095803486076,56,-0.07491773950871519,0.1883861433915463,0.17427267937388696,-0.07787261516292461
678,2025-12-06,2025-12-07,2025-12-10,drawdown_recovery_k1,"[""PTBUSDT""]","[""PLAYUSDT""]",-0.06254074455309666,56,-0.018385186138274168,0.17427267937388696,0.17106864372478225,-0.018556294153136317
679,2025-12-09,2025-12-10,2025-12-13,drawdown_recovery_k1,"[""PTBUSDT""]","[""TAKEUSDT""]",-0.12708741202190976,56,-0.03452185300547744,0.17106864372478225,0.16516303715226893,-0.03513181124385296
680,2025-12-12,2025-12-13,2025-12-16,drawdown_recovery_k1,"[""PTBUSDT""]","[""ICNTUSDT""]",0.14134173672455863,57,0.032585434181139655,0.16516303715226893,0.1705449464285513,0.032065787399501305
681,2025-12-15,2025-12-16,2025-12-19,drawdown_recovery_k1,"[""PTBUSDT""]","[""MYXUSDT""]",0.12955989668698276,57,0.029639974171745687,0.1705449464285513,0.17559989423581532,0.02920920149924382
682,2025-12-18,2025-12-19,2025-12-22,drawdown_recovery_k1,"[""PTBUSDT""]","[""ICNTUSDT""]",0.36435218166857186,61,0.08833804541714296,0.17559989423581532,0.19111204566806428,0.08465180368381504
683,2025-12-21,2025-12-22,2025-12-25,drawdown_recovery_k1,"[""AIAUSDT""]","[""CARVUSDT""]",-0.023462270133164154,58,-0.008615567533291039,0.19111204566806428,0.18946550693218567,-0.008652896094390116
684,2025-12-24,2025-12-25,2025-12-28,drawdown_recovery_k1,"[""TRADOORUSDT""]","[""NAORISUSDT""]",0.2682587759385633,58,0.06431469398464082,0.18946550693218567,0.20165092303117405,0.062331112212759165
685,2025-12-27,2025-12-28,2025-12-31,drawdown_recovery_k1,"[""LIGHTUSDT""]","[""AVNTUSDT""]",-0.138986448227976,62,-0.037496612056994005,0.20165092303117405,0.19408969659933936,-0.03821769288560723
