date,close,stress
2023-01-01,1.0034644993135517,0.9945242882591917
2023-01-02,1.0068886524748084,0.9930533110829403
2023-01-03,1.0051755554269746,0.9966073349148822
2023-01-04,0.9753017034046608,0.9505437471036393
2023-01-05,0.9840982148815057,0.9661572524456069
2023-01-06,0.9491847998723002,0.9249530513595845
2023-01-07,0.9595621469351395,0.9435776033652229
2023-01-08,0.8897567422783703,0.7583577753286278
2023-01-09,0.9036066431765497,0.8719691579236367
2023-01-10,0.9035259463088273,0.8639264375109863
2023-01-11,0.9115359343722989,0.8878878978064565
2023-01-12,0.8986563544271767,0.8684811906907878
2023-01-13,0.907107577478714,0.876415596445179
2023-01-14,0.9138881698529662,0.8722920171447941
2023-01-15,0.9323579246878838,0.8677651601455697
2023-01-16,0.9351444689156666,0.9156581880700155
2023-01-17,0.9356353499574359,0.9280491840661688
2023-01-18,0.9383928229375054,0.9125506166773776
2023-01-19,0.9453859167166218,0.9135780726514553
2023-01-20,0.9423969639013573,0.9148264590054241
2023-01-21,0.9699590985446627,0.9149805338208907
2023-01-22,0.9492140713119899,0.9091129327751833
2023-01-23,0.9646246728898717,0.919218984393082
2023-01-24,0.9575294669983937,0.9282492286649824
2023-01-25,0.9643301274365893,0.8124155345058942
2023-01-26,0.9712800406460843,0.9495657853999004
2023-01-27,0.9619732575159501,0.9498084336444232
2023-01-28,0.9369284358992469,0.9282120812242998
2023-01-29,0.9302872918034847,0.9108655420636688
2023-01-30,0.915330156596551,0.8849177852734796
2023-01-31,0.9005371870500866,0.875920611446986
2023-02-01,0.854543637300376,0.8102340091436177
2023-02-02,0.8683074541061189,0.8359090795490784
2023-02-03,0.8726585302902459,0.8267831384530784
2023-02-04,0.8676384223767161,0.8563341801842691
2023-02-05,0.8618600861883752,0.8296994525991191
2023-02-06,0.8769405788767667,0.8432136859993961
2023-02-07,0.9045822904371262,0.8632553602949126
2023-02-08,0.9057578171471833,0.870923500272824
2023-02-09,0.9143603626832968,0.8664731144710107
2023-02-10,0.9353935056914985,0.8974200240960495
2023-02-11,0.9334650103906715,0.92283215809949
2023-02-12,0.9251316655314067,0.8914008216941629
2023-02-13,0.9294175682595318,0.8921403847288952
2023-02-14,0.9365182882804705,0.9130993909882561
2023-02-15,0.9275484023785779,0.8977516468108688
2023-02-16,0.9310672468421035,0.8911539618589072
2023-02-17,0.8920586945667462,0.8708923486923955
2023-02-18,0.8689280243193632,0.8550254711423205
2023-02-19,0.8862081797943281,0.8564268807357478
2023-02-20,0.8892798435627545,0.8692060661160264
2023-02-21,0.8837093703364969,0.8619628052833948
2023-02-22,0.8958034341735227,0.8723132584393269
2023-02-23,0.888490439339942,0.8799797763846564
2023-02-24,0.8869409724421664,0.8678800264124598
2023-02-25,0.8806293849357129,0.8631923327690302
2023-02-26,0.8831305022400856,0.8729954497018989
2023-02-27,0.8660219933819985,0.8590363300004562
2023-02-28,0.8760680291559481,0.8551237391961202
2023-03-01,0.9019418449406457,0.8632841944956369
2023-03-02,0.900585189611149,0.8818965612204379
2023-03-03,0.8907673716352403,0.8724124257820025
2023-03-04,0.8820537752538519,0.8680036900671626
2023-03-05,0.877256742660971,0.8702011364777605
2023-03-06,0.8749784760592827,0.867196025518329
2023-03-07,0.8727204902141127,0.8591368991148932
2023-03-08,0.8763415731646423,0.8516612616619547
2023-03-09,0.9002330079131082,0.8721064989334966
2023-03-10,0.8986531572160176,0.8721029227082173
2023-03-11,0.8939238100290247,0.8709403330171843
2023-03-12,0.9093797403154167,0.8695521226783225
2023-03-13,0.915856708975715,0.8912556448589652
2023-03-14,0.9322555321271131,0.8926283048716798
2023-03-15,0.9209941220974694,0.8981285112179156
2023-03-16,0.9183355049720583,0.9036480970246052
2023-03-17,0.9173100167825703,0.8958014498183905
2023-03-18,0.9172983797164995,0.902062583231296
2023-03-19,0.9111156933306878,0.9038295842560261
2023-03-20,0.8998004770714879,0.8852565776637004
2023-03-21,0.9044113084410538,0.8859419987157212
2023-03-22,0.9096276224642492,0.8847917805897301
2023-03-23,0.9089498962801272,0.8926360660506517
2023-03-24,0.9214183118304767,0.8966655473935732
2023-03-25,0.9283383485614497,0.9138408034643604
2023-03-26,0.929646317732151,0.9185605128638162
2023-03-27,0.9227257651212362,0.9058652247588372
2023-03-28,0.9200641295068979,0.9090546059906102
2023-03-29,0.9155034952829818,0.9051914181181265
2023-03-30,0.9083165205563916,0.8967843212444095
2023-03-31,0.9129793903500623,0.9033345924283257
2023-04-01,0.9084563754112674,0.9022156962306868
2023-04-02,0.9222533222513313,0.9001088239579876
2023-04-03,0.9125764643271769,0.8966652055812139
2023-04-04,0.913288788334719,0.9015922724430869
2023-04-05,0.9169361837700041,0.9032251968763819
2023-04-06,0.9163857600278559,0.9093232245076576
2023-04-07,0.9094099176205891,0.9057420529352656
2023-04-08,0.9072246644859863,0.89639434655775
2023-04-09,0.9055313678408639,0.90013200855755
2023-04-10,0.9053039501814816,0.8933805034992619
2023-04-11,0.9112482488825271,0.8998838874118922
2023-04-12,0.9085920661405453,0.8954660356287371
2023-04-13,0.9202165813026918,0.8976793892590677
2023-04-14,0.9340345378719996,0.910941690537165
2023-04-15,0.9353396286662351,0.927816967348178
2023-04-16,0.9333113731326453,0.9261173927427044
2023-04-17,0.932059124299143,0.9213387780797986
2023-04-18,0.9281373603174421,0.9225412407808449
2023-04-19,0.9401823801416135,0.8975504526634712
2023-04-20,0.9429615052235585,0.929729666309339
2023-04-21,0.9550132402763118,0.9333039694461246
2023-04-22,0.9626528305806126,0.9454039236386638
2023-04-23,0.9563760648602532,0.9435814508431596
2023-04-24,0.9499186919275581,0.9416377454345141
2023-04-25,0.9527527409064251,0.9329417531882356
2023-04-26,0.9398601104884051,0.9097238235972678
2023-04-27,0.9394500759740392,0.920539136974005
2023-04-28,0.9356562697194347,0.9182615577892004
2023-04-29,0.9439254188596571,0.9226620309400382
2023-04-30,0.9475823138626581,0.9363719860245593
2023-05-01,0.9477936240808591,0.9301884637609324
2023-05-02,0.9429077492732123,0.9350106502479748
2023-05-03,0.9443842690711116,0.9241212201766438
2023-05-04,0.9349752429951935,0.9287878131936873
2023-05-05,0.9369389995511481,0.9223778582244084
2023-05-06,0.9132782389341534,0.8977420299055281
2023-05-07,0.9048166577342219,0.8898892475408204
2023-05-08,0.8949098825278214,0.8542674100655713
2023-05-09,0.9080397557967125,0.890255750372546
2023-05-10,0.9202101724921514,0.8809812331103168
2023-05-11,0.9105179939050715,0.8748621398002585
2023-05-12,0.9287431045139256,0.9000426902084575
2023-05-13,0.9155950477253489,0.9074196880252863
2023-05-14,0.9208650545082497,0.9029805566563984
2023-05-15,0.9265878887258339,0.9048378471819047
2023-05-16,0.9125766357504297,0.8959816157042401
2023-05-17,0.878322703066343,0.8514392826015382
2023-05-18,0.8593283514960265,0.8351633382929925
2023-05-19,0.8797197978509617,0.8429663911831367
2023-05-20,0.8711182365686431,0.8605587617109443
2023-05-21,0.847210399784679,0.7964903221388929
2023-05-22,0.8429647932848493,0.8330347620718139
2023-05-23,0.8249018212527806,0.8112287743429104
2023-05-24,0.8201483190025407,0.7966574855970779
2023-05-25,0.8177468051969214,0.7895824987782123
2023-05-26,0.8227877162481237,0.7980429445971999
2023-05-27,0.8380975375804588,0.8147518411008097
2023-05-28,0.8546934522663855,0.8210045507905822
2023-05-29,0.8533076170272089,0.8434346103672948
2023-05-30,0.8545492119827951,0.8444556877782895
2023-05-31,0.8570560325505234,0.8376038926427658
2023-06-01,0.8517217128326983,0.8368370521929215
2023-06-02,0.8531156591341855,0.8433284581199461
2023-06-03,0.8507675113973744,0.8444986817467368
2023-06-04,0.8507518913255591,0.8444923592140057
2023-06-05,0.859342267214764,0.8194725642367123
2023-06-06,0.8639090713445496,0.8419026929389481
2023-06-07,0.8666981711762547,0.8482855171845324
2023-06-08,0.8615968315074974,0.8508908370574465
2023-06-09,0.8571575580551246,0.8430229151806214
2023-06-10,0.8378779075398612,0.7993679105513465
2023-06-11,0.8444858981254103,0.8325697650470438
2023-06-12,0.8452801986073069,0.8335629476980871
2023-06-13,0.846891370332552,0.8411566514902227
2023-06-14,0.8359523635604065,0.829630832220756
2023-06-15,0.8365275131676674,0.8277050743845887
2023-06-16,0.8454633550003325,0.8331083243639077
2023-06-17,0.8463044820689574,0.842018113108528
2023-06-18,0.8362195646806243,0.8312516282681225
2023-06-19,0.839561919426506,0.8313301980195734
2023-06-20,0.8793781622595557,0.8321382872047096
2023-06-21,0.8675050884046621,0.8338329275663918
2023-06-22,0.8700259382741612,0.8331074247177964
2023-06-23,0.8773251025528515,0.8437587561200758
2023-06-24,0.8821538966717726,0.8427263064500456
2023-06-25,0.89747842833422,0.8753207487103596
2023-06-26,0.8959416755677205,0.8628242354508766
2023-06-27,0.8977681372544932,0.8858574363140919
2023-06-28,0.8778410377014138,0.8682503054048569
2023-06-29,0.8791494591535327,0.8747711071769694
2023-06-30,0.881907442040424,0.8618269003916372
2023-07-01,0.8899093335469517,0.8776419001182386
2023-07-02,0.8842234407366677,0.8776396873353376
2023-07-03,0.8951991285356166,0.8816849911963444
2023-07-04,0.896617604674416,0.8866371445118932
2023-07-05,0.8820141247566754,0.8793202325065343
2023-07-06,0.861701465352937,0.8610882518373191
2023-07-07,0.8573892656494733,0.8541202095083046
2023-07-08,0.8592490461246288,0.8521462224603771
2023-07-09,0.8560338916235707,0.8531689147382624
2023-07-10,0.8526775680297526,0.8425181749372664
2023-07-11,0.8518299657247257,0.8498899274944773
2023-07-12,0.8740065363421828,0.8486280534400709
2023-07-13,0.8761833288142141,0.8647057393763262
2023-07-14,0.8654358799366278,0.8544034141638878
2023-07-15,0.8672417475490944,0.8555169141277665
2023-07-16,0.8710846246610325,0.8602059841611803
2023-07-17,0.869927912680434,0.8568278917063429
2023-07-18,0.8716848478135912,0.851033583340144
2023-07-19,0.8682329394905156,0.8610808344280728
2023-07-20,0.8699009461622024,0.8560803382747284
2023-07-21,0.8666324087422724,0.8604169277710781
2023-07-22,0.8662800769012654,0.8634468468728234
2023-07-23,0.8681964400665423,0.8639379005223241
2023-07-24,0.8757779011830401,0.8455896523172982
2023-07-25,0.8809461995553758,0.8700358665157644
2023-07-26,0.8774268837397474,0.8708216772157794
2023-07-27,0.8788242618644668,0.8585007293609609
2023-07-28,0.8850419660174312,0.8559546294348073
2023-07-29,0.8789222939651867,0.8693664346269573
2023-07-30,0.8852403989283547,0.849773245350551
2023-07-31,0.8738854250329144,0.8666864919883094
2023-08-01,0.8771542660696433,0.8612879135314341
2023-08-02,0.8703717977511551,0.8663672588997676
2023-08-03,0.8712923923595042,0.8629081020814906
2023-08-04,0.8680846863075465,0.8615307079722333
2023-08-05,0.8660773483449862,0.8604774994887419
2023-08-06,0.8665124443620212,0.8608791419951761
2023-08-07,0.8587032718757673,0.8466275489215392
2023-08-08,0.8697332019896051,0.8497008699811991
2023-08-09,0.8782524379526446,0.8661524916597477
2023-08-10,0.8756709771141273,0.8687816961846403
2023-08-11,0.8670529647617837,0.862650130381722
2023-08-12,0.85699441258551,0.8544625565477565
2023-08-13,0.8531458459095107,0.8454314167529527
2023-08-14,0.8515647930790733,0.838646364096485
2023-08-15,0.8379198108193527,0.8184910407324106
2023-08-16,0.8322597173531058,0.8122778989857152
2023-08-17,0.8077242296974393,0.7623042417038074
2023-08-18,0.8165156129491388,0.8070020560499923
2023-08-19,0.8227815390913963,0.8158432901267646
2023-08-20,0.8210919715128996,0.8180916458198018
2023-08-21,0.8153178160580336,0.8096689831400593
2023-08-22,0.8161639856481985,0.80327508750788
2023-08-23,0.8199615255044244,0.8094737731808
2023-08-24,0.8168049232618703,0.8137044543385445
2023-08-25,0.8158127205515716,0.8090566985101921
2023-08-26,0.8105352578259418,0.8056191227824918
2023-08-27,0.8169533154263812,0.8096049807046081
2023-08-28,0.8079712774115119,0.802071291681222
2023-08-29,0.8150605763098824,0.794712113936269
2023-08-30,0.8082922301761002,0.8051601959009603
2023-08-31,0.7930171874582946,0.7894172755173713
2023-09-01,0.8020877089306545,0.7628767612160758
2023-09-02,0.8215331897339315,0.7889728572802721
2023-09-03,0.8218425924525735,0.8040036643958743
2023-09-04,0.8188174484823494,0.8137198680996071
2023-09-05,0.819922068656941,0.8148263770000167
2023-09-06,0.8179462177693014,0.8107577675229026
2023-09-07,0.817707540355602,0.8097681059732953
2023-09-08,0.8115841264168281,0.8026166951399092
2023-09-09,0.8206894540779616,0.8063571520118362
2023-09-10,0.808712810575132,0.7896800089557117
2023-09-11,0.8139122291724608,0.7916411176359083
2023-09-12,0.8145302829297799,0.8057494119519073
2023-09-13,0.8138161217618767,0.8005492445160256
2023-09-14,0.8210445152170679,0.8089331484471011
2023-09-15,0.7941077832619616,0.7745095647884039
2023-09-16,0.7824252401389203,0.7808881320659018
2023-09-17,0.787786635213875,0.7576525967877221
2023-09-18,0.7903625123398754,0.7772858886036768
2023-09-19,0.7935480062102684,0.7851846809181198
2023-09-20,0.7883254523743619,0.7811049862308117
2023-09-21,0.7854475027130046,0.7773254494894248
2023-09-22,0.8060972587752229,0.7669026959925329
2023-09-23,0.7980448986294538,0.7858050996215578
2023-09-24,0.7924287083074693,0.7692510419361209
2023-09-25,0.7981975928735987,0.7837636218119185
2023-09-26,0.7940167674901918,0.7800210612751791
2023-09-27,0.7878026180843383,0.7835445458054379
2023-09-28,0.7803078059336747,0.7463157971568145
2023-09-29,0.780293929180452,0.7733689251498361
2023-09-30,0.7817274376333981,0.773106161070944
2023-10-01,0.78836868260805,0.7485863019655994
2023-10-02,0.7895510040237036,0.7665451576602758
2023-10-03,0.8016679904399381,0.7772673285410032
2023-10-04,0.8130027062979271,0.7888430059002708
2023-10-05,0.8189199660426395,0.809290600352889
2023-10-06,0.8276417107487788,0.8146704177857984
2023-10-07,0.8265799749939942,0.8190953886072684
2023-10-08,0.8291939439080609,0.817450575912411
2023-10-09,0.8278016461502865,0.8081904593089068
2023-10-10,0.8427542631073168,0.8170568942449629
2023-10-11,0.8503062386901217,0.8356576172743717
2023-10-12,0.8462800592607357,0.839250462567439
2023-10-13,0.8347672187326153,0.8259688012417415
2023-10-14,0.8316545204698824,0.8232937731230353
2023-10-15,0.8408249100396575,0.8247889187379551
2023-10-16,0.8409317379884831,0.8238969439398627
2023-10-17,0.8330359547546362,0.82463020563231
2023-10-18,0.8192106534186878,0.8027268225976579
2023-10-19,0.8375318707593368,0.7998371058199101
2023-10-20,0.8260363162573052,0.8132729311882667
2023-10-21,0.8413881321108148,0.8230170968605598
2023-10-22,0.8359482383475463,0.7994197709798114
2023-10-23,0.8251576929644675,0.7994409934383849
2023-10-24,0.8473353726748675,0.8083446839308427
2023-10-25,0.8286912050276244,0.7802354212524878
2023-10-26,0.8177495779410506,0.7978872447729187
2023-10-27,0.8303589006574192,0.809445080776511
2023-10-28,0.8252997274903037,0.8063912960042676
2023-10-29,0.823266442743169,0.8094072947539114
2023-10-30,0.8258155666413057,0.80545534623346
2023-10-31,0.8303589783826887,0.8041186771380494
2023-11-01,0.8402872747883928,0.8169647507343544
2023-11-02,0.8264099434945699,0.811385420119874
2023-11-03,0.8216792249509274,0.8118980997116122
2023-11-04,0.8245547344881704,0.8115433434449177
2023-11-05,0.8177520423028579,0.7999536727697807
2023-11-06,0.8051109008786449,0.7981765172966759
2023-11-07,0.8120472421712002,0.793802279448778
2023-11-08,0.8087967371664923,0.8009651544051352
2023-11-09,0.7902111664088259,0.745567325040076
2023-11-10,0.7537470953647406,0.7363163235266825
2023-11-11,0.6944402594723016,0.6765670744713844
2023-11-12,0.7008310524467074,0.5871451915417345
2023-11-13,0.6819509575611334,0.6638985217037714
2023-11-14,0.6596085366791264,0.6483601569342986
2023-11-15,0.6440867406500053,0.6011110564623057
2023-11-16,0.6588402600693775,0.6206364440759015
2023-11-17,0.669455709074198,0.640227940463073
2023-11-18,0.6697927719565443,0.6566108998649771
2023-11-19,0.6598359535901708,0.6539910829022438
2023-11-20,0.6549280271679785,0.6359269161499572
2023-11-21,0.657480364672744,0.6324354297009461
2023-11-22,0.6519867761615138,0.6395382107313453
2023-11-23,0.659275539894315,0.649173578522663
2023-11-24,0.620688727380543,0.611420606553417
2023-11-25,0.6276946885884108,0.5960051168753421
2023-11-26,0.61317446872445,0.5944668675395491
2023-11-27,0.5922313086050094,0.577420984592452
2023-11-28,0.54835256777448,0.515715809075417
2023-11-29,0.6227522580585797,0.5032035398473732
2023-11-30,0.630286041818333,0.6145322492529458
2023-12-01,0.6347816485995886,0.6248185838673389
2023-12-02,0.6390300840365555,0.6277035880083119
2023-12-03,0.6382049728802283,0.6269030200527611
2023-12-04,0.6445541301414275,0.6245705565163661
2023-12-05,0.6395993921077786,0.6338999669436706
2023-12-06,0.665025390618489,0.6188192826289487
2023-12-07,0.6682748865069119,0.6591439301515699
2023-12-08,0.6718917155289507,0.6656266954146348
2023-12-09,0.6802433469499409,0.6624636994773915
2023-12-10,0.679799559945013,0.6668282072648551
2023-12-11,0.6750377590650718,0.6464932220182132
2023-12-12,0.673312760142491,0.6653621351225737
2023-12-13,0.6709873072649525,0.6610419573241325
2023-12-14,0.6701054165398501,0.6563173484127345
2023-12-15,0.6667759171543999,0.6570787909903522
2023-12-16,0.6613861829730208,0.653605186983526
2023-12-17,0.6545434315998885,0.6442718608689404
2023-12-18,0.6680758687032519,0.6118102439506449
2023-12-19,0.655980438910367,0.6282837584935769
2023-12-20,0.6203392381537459,0.6121788327006515
2023-12-21,0.6264016118001746,0.6085524499448108
2023-12-22,0.6377026641158715,0.6217506869612602
2023-12-23,0.6456550852526328,0.6321580219547441
2023-12-24,0.640522906456166,0.6158467475134252
2023-12-25,0.6402967265311177,0.6343443051339462
2023-12-26,0.6435414078066597,0.6248692395693914
2023-12-27,0.6536570683211854,0.6336573112749249
2023-12-28,0.6497509390274285,0.6379011504046701
2023-12-29,0.6554011419208038,0.6420495087511058
2023-12-30,0.6487212334227562,0.6412705491182705
2023-12-31,0.6393832817795515,0.6281360122832295
2024-01-01,0.6361917875477155,0.5776244689039082
2024-01-02,0.6416820677500515,0.6140739135721048
2024-01-03,0.644429610168718,0.5779715621548636
2024-01-04,0.6530378164665306,0.6278690994116215
2024-01-05,0.6555147302198518,0.630342998593166
2024-01-06,0.6432122178610997,0.6312539244550112
2024-01-07,0.6495976536950883,0.6269228144090782
2024-01-08,0.6574077298523648,0.6266797105634025
2024-01-09,0.6468233094704737,0.6282949846202055
2024-01-10,0.6447212715438707,0.6181420183557265
2024-01-11,0.6404354571546366,0.61314335533647
2024-01-12,0.6504122392902211,0.6244479110941465
2024-01-13,0.6465152176292103,0.627463063252822
2024-01-14,0.6547983452050846,0.6237141541720649
2024-01-15,0.6201560330191211,0.6115261712581069
2024-01-16,0.6290077741631522,0.610666462049193
2024-01-17,0.631150340776249,0.6183392802524639
2024-01-18,0.6290660730180481,0.6115086896056231
2024-01-19,0.6072855960321992,0.5925928150769169
2024-01-20,0.6163573523154458,0.6029547613017384
2024-01-21,0.5967662240626609,0.5901139550653577
2024-01-22,0.613015109419633,0.5789651534765499
2024-01-23,0.6173910914271894,0.5952342263412758
2024-01-24,0.6224682523964183,0.6126299217402102
2024-01-25,0.6243075918647959,0.6168615974204443
2024-01-26,0.6316315579392195,0.6114967854991771
2024-01-27,0.6394932012200859,0.626716715998284
2024-01-28,0.6278211050699916,0.6214879781581988
2024-01-29,0.6251213486019718,0.6183685948665829
2024-01-30,0.6216108121830226,0.6179825124803933
2024-01-31,0.6239942887950051,0.6110583940285231
2024-02-01,0.625871668752759,0.6158878553986483
2024-02-02,0.62306055004393,0.6194137748329768
2024-02-03,0.62689699542924,0.6200262913115887
2024-02-04,0.6230270185511675,0.6173748475317333
2024-02-05,0.6213187711425349,0.6131136428341365
2024-02-06,0.6201067631540768,0.6051694397230023
2024-02-07,0.6141603989111896,0.6062925400485791
2024-02-08,0.6157625034017822,0.6115517659168247
2024-02-09,0.6159537387314529,0.6103156024360673
2024-02-10,0.6127436796922797,0.595741631013841
2024-02-11,0.6437067543664078,0.6088489057389458
2024-02-12,0.6476154726782225,0.625873511903435
2024-02-13,0.6461484768583572,0.6331402735955569
2024-02-14,0.643944663299411,0.6354855619904294
2024-02-15,0.6193107294052652,0.6017453141596439
2024-02-16,0.6164393924663147,0.5805258529049551
2024-02-17,0.6217289396500338,0.6092297908371885
2024-02-18,0.6250251644717377,0.6145806890865353
2024-02-19,0.6241193900328519,0.6204927076807506
2024-02-20,0.636413181265193,0.6157641436634381
2024-02-21,0.6367763984168893,0.6175977897610715
2024-02-22,0.6383784977394713,0.6146306446757295
2024-02-23,0.6376876055385433,0.6191925834675888
2024-02-24,0.6383149280935106,0.6257256197926977
2024-02-25,0.6444149760898162,0.6314952599810931
2024-02-26,0.6583673100559779,0.6316670449685734
2024-02-27,0.683182601998702,0.6539192320216587
2024-02-28,0.6271615406920221,0.6105444844923147
2024-02-29,0.5937393429033804,0.5491304980176036
2024-03-01,0.5667438410698894,0.5447556321927874
2024-03-02,0.5671188837052377,0.5083342427283308
2024-03-03,0.5558372618274793,0.536619924432866
2024-03-04,0.48790693341879865,0.42466321379367866
2024-03-05,0.5036443854207489,0.42651611724489774
2024-03-06,0.5116616524476644,0.47753447235449425
2024-03-07,0.530960807747671,0.5042795164360522
2024-03-08,0.5431486310611168,0.4921507599729674
2024-03-09,0.5559675369008003,0.5349803149347542
2024-03-10,0.5421043524180141,0.5173951504021623
2024-03-11,0.544409462101923,0.5214658914746823
2024-03-12,0.5384741548831644,0.5249337833917995
2024-03-13,0.5193664760410572,0.5093726457707883
2024-03-14,0.5151507979195606,0.5028011122029244
2024-03-15,0.5220906171074766,0.49859197429694396
2024-03-16,0.5249041982369946,0.5077225044144877
2024-03-17,0.4781465481517495,0.4472801282163552
2024-03-18,0.5253241500213375,0.4630274594467072
2024-03-19,0.5462981582374825,0.5002553726559588
2024-03-20,0.5637912680547397,0.5283450934078068
2024-03-21,0.5742067354277831,0.5494437094079162
2024-03-22,0.574597233254555,0.5586617266368413
2024-03-23,0.5879305391133622,0.5595433711179248
2024-03-24,0.5991239706524931,0.5811812997951926
2024-03-25,0.5366918373030656,0.5198719471418121
2024-03-26,0.5332402566483799,0.4991767730051763
2024-03-27,0.5219483898515638,0.5080280371737113
2024-03-28,0.5321614229020811,0.5124958998913882
2024-03-29,0.5404680006398339,0.5253167720775925
2024-03-30,0.5584007337011798,0.5367881079944817
2024-03-31,0.5727396440853861,0.5543041735149861
2024-04-01,0.5543097875055182,0.5389308226063444
2024-04-02,0.5542440994559129,0.5210880290843246
2024-04-03,0.5236106551695038,0.49967784330193377
2024-04-04,0.5397850491155575,0.5132421054794211
2024-04-05,0.5470790925797677,0.5268851631890529
2024-04-06,0.5513285902709381,0.5398481926793122
2024-04-07,0.5553438603326651,0.5437801605614504
2024-04-08,0.5567087349656626,0.5433634834753586
2024-04-09,0.5516296916294982,0.5379069820775974
2024-04-10,0.5584457624389212,0.5346291246659495
2024-04-11,0.5591298166898088,0.543076879869873
2024-04-12,0.5351541626265915,0.4889559865283519
2024-04-13,0.500860120535764,0.46593469842897317
2024-04-14,0.5201555164299122,0.49410261172332703
2024-04-15,0.5138438052086163,0.49896802525569295
2024-04-16,0.49201668196060633,0.4745648257705722
2024-04-17,0.506704416505655,0.4757783817492762
2024-04-18,0.4690114899466023,0.4528965426923962
2024-04-19,0.46840607300949666,0.4424581382024379
2024-04-20,0.5073631855527598,0.46331587966390614
2024-04-21,0.48818016094421174,0.47349772523151334
2024-04-22,0.4886435351169345,0.4750589614420706
2024-04-23,0.4983640679086877,0.4705498434035907
2024-04-24,0.4913667501050371,0.48462902558632687
2024-04-25,0.49208300590048176,0.4811914019314917
2024-04-26,0.48929968289992964,0.4855937967439104
2024-04-27,0.4952567167334996,0.4804224550003155
2024-04-28,0.4885749989350468,0.4703074160534841
2024-04-29,0.48480806438248925,0.477654456018047
2024-04-30,0.48190002957136535,0.4620940031543412
2024-05-01,0.47895401460788467,0.45930437897714854
2024-05-02,0.46713219282108503,0.45655813980956034
2024-05-03,0.47214459571594614,0.451523561895119
2024-05-04,0.4690517749767443,0.45799898640698744
2024-05-05,0.47291649784212264,0.46196945973099207
2024-05-06,0.47417441087314205,0.4604183082736096
2024-05-07,0.47366882812530264,0.46627038241812246
2024-05-08,0.4606733922228598,0.45518715410256827
2024-05-09,0.4631306504341128,0.45305958241163674
2024-05-10,0.45944446483877116,0.4512341896987443
2024-05-11,0.4748104439349794,0.45730042118986
2024-05-12,0.4682891548503435,0.4633731290602032
2024-05-13,0.467150188749299,0.451006930589798
2024-05-14,0.46644687531149304,0.45809910400237563
2024-05-15,0.47539384541448226,0.45921014049703096
2024-05-16,0.4606848372062823,0.4508081238898915
2024-05-17,0.4624630157746964,0.4525243961725445
2024-05-18,0.46653750310168657,0.4523580445948542
2024-05-19,0.4564680950291048,0.4462021647194647
2024-05-20,0.46896863089279267,0.43718163270442767
2024-05-21,0.4740347471476729,0.4616502926485665
2024-05-22,0.468472490072353,0.4631589318029175
2024-05-23,0.47283660046160825,0.4584332425677694
2024-05-24,0.4741034903848942,0.4671040782614729
2024-05-25,0.46300747249812174,0.461026349494419
2024-05-26,0.46480351989570784,0.4519689891913806
2024-05-27,0.4705987864916459,0.4574979499404961
2024-05-28,0.4729996620441496,0.4580612800523099
2024-05-29,0.48374473970969945,0.46352224859018637
2024-05-30,0.45494799672171804,0.44981713732006784
2024-05-31,0.4597058993726145,0.442493091901019
2024-06-01,0.45859565980010036,0.4550410030318536
2024-06-02,0.47154335495046296,0.45334783083501057
2024-06-03,0.45955369534531965,0.4532785665243057
2024-06-04,0.4714926671942579,0.4561701277052499
2024-06-05,0.47297558310931387,0.46877283334169906
2024-06-06,0.4765238661744051,0.4636739075265644
2024-06-07,0.4790429696802456,0.45160154739343894
2024-06-08,0.47764321134103477,0.47005152124671923
2024-06-09,0.46339542296844394,0.4590935621400758
2024-06-10,0.46055064781307353,0.4512354595293561
2024-06-11,0.47461809087692,0.44936602405724946
2024-06-12,0.46783981477354897,0.4583782871884578
2024-06-13,0.4559349611673717,0.45497480647063665
2024-06-14,0.44423220852794815,0.4399280850393378
2024-06-15,0.4469294267253317,0.4393201532063344
2024-06-16,0.44573484050003054,0.4411853029877219
2024-06-17,0.441554349132545,0.43163139182450805
2024-06-18,0.4352465757391656,0.4191926584310333
2024-06-19,0.4363832132494013,0.4289497142187892
2024-06-20,0.4280132141782563,0.4246717641214435
2024-06-21,0.431470796551286,0.41996843301800574
2024-06-22,0.4299125722101512,0.42505268800969015
2024-06-23,0.42255736639935343,0.4179599597345956
2024-06-24,0.43771189416542733,0.4103608816605727
2024-06-25,0.45182285749010537,0.43301492741270914
2024-06-26,0.4476285133590347,0.4402405929982621
2024-06-27,0.44491012558991927,0.43827331219920457
2024-06-28,0.44323817726357034,0.43840642173742206
2024-06-29,0.43973300183706626,0.43835548425386234
2024-06-30,0.44424467119791233,0.4334823615353661
2024-07-01,0.4412197201712793,0.4374953669585308
2024-07-02,0.43823347502433124,0.4334358764861429
2024-07-03,0.43888941633716894,0.4261093311025743
2024-07-04,0.43817940455251214,0.42555689385503864
2024-07-05,0.42292343563590207,0.41550476305422296
2024-07-06,0.4268779434108358,0.4141428237520079
2024-07-07,0.43901128810897855,0.42258706592318196
2024-07-08,0.45413286356261373,0.4273623839402632
2024-07-09,0.44945490486649153,0.4435295098477326
2024-07-10,0.4492812717011365,0.44297947171005986
2024-07-11,0.4310766969446141,0.41986913640149015
2024-07-12,0.43207574915905705,0.4226839965110331
2024-07-13,0.43383721129530084,0.4287111331602502
2024-07-14,0.4378863232889915,0.42979746660764795
2024-07-15,0.4426549051976216,0.41875803792487176
2024-07-16,0.4317412625674491,0.4153882780842538
2024-07-17,0.43056464270546685,0.42642839682889905
2024-07-18,0.42736004456162063,0.41728668457873574
2024-07-19,0.4348928120394188,0.42412834704612745
2024-07-20,0.4341064660114765,0.4259553994813505
2024-07-21,0.4358265164200985,0.42015474104373
2024-07-22,0.4440222082900039,0.43096373602294497
2024-07-23,0.4469391513018405,0.4354214524273357
2024-07-24,0.43877111482415887,0.4323480182603333
2024-07-25,0.43985526686152643,0.42754857338832186
2024-07-26,0.437326580136767,0.4276516173658864
2024-07-27,0.4406100376867118,0.4330104917579677
2024-07-28,0.4378999204233595,0.4337438919168925
2024-07-29,0.4432902424201741,0.4332740700153945
2024-07-30,0.43290623633822795,0.4239503113494824
2024-07-31,0.43914076056277634,0.4224622767662343
2024-08-01,0.4392095629279469,0.42377439080985524
2024-08-02,0.4425877158713421,0.4281823364313659
2024-08-03,0.44498770540013766,0.4322008403305465
2024-08-04,0.4402463692870581,0.42995771277585354
2024-08-05,0.4500082532518821,0.41785848647712054
2024-08-06,0.4532078480443973,0.43923908562330244
2024-08-07,0.45560711021453837,0.44676000562597606
2024-08-08,0.45844526194429536,0.4320282213794605
2024-08-09,0.4516504325134355,0.4463031417477043
2024-08-10,0.45517929283068964,0.44777184229220596
2024-08-11,0.4503332104165927,0.4143905710245238
2024-08-12,0.45790759951897797,0.4411071721213388
2024-08-13,0.4555253421844726,0.4480875033215569
2024-08-14,0.45155366430224986,0.4310801345639124
2024-08-15,0.45696007489400237,0.43885080055521775
2024-08-16,0.45447187271891615,0.4478551837335386
2024-08-17,0.4596492415239235,0.45022722983781593
2024-08-18,0.4486789815602773,0.44454536130269307
2024-08-19,0.453252350398154,0.4425315968114429
2024-08-20,0.4589619895969302,0.44897388643651126
2024-08-21,0.45816065591298044,0.44607810952537996
2024-08-22,0.45659973144825095,0.45393478956812167
2024-08-23,0.47161341435072635,0.449942701472472
2024-08-24,0.4904296737557243,0.4662696344111964
2024-08-25,0.48460402413812587,0.47557049049049377
2024-08-26,0.4754587188234789,0.4670823139504009
2024-08-27,0.47460019046925594,0.4538121390149931
2024-08-28,0.4740171059008786,0.4615625716273116
2024-08-29,0.4771222745036779,0.4633373512181383
2024-08-30,0.4772716300459132,0.46868377723762683
2024-08-31,0.47452451381969346,0.4682673118142107
2024-09-01,0.4734819386166127,0.4649798266637121
2024-09-02,0.4794822467323418,0.46388442293077103
2024-09-03,0.4858949381234735,0.46863898360475864
2024-09-04,0.47991355023230087,0.4681922669454257
2024-09-05,0.4797396780164369,0.4699220611219082
2024-09-06,0.4831992095762561,0.46819891921626655
2024-09-07,0.4799383530442133,0.4717457311413308
2024-09-08,0.48446933013365034,0.47295832975578755
2024-09-09,0.48413787764260385,0.4683956446749211
2024-09-10,0.48217620475659245,0.47657160856064096
2024-09-11,0.4835380048657417,0.47079490882122954
2024-09-12,0.4821225628229572,0.4736679571148118
2024-09-13,0.47433524997173937,0.466048728498845
2024-09-14,0.4731491179792881,0.46954895783869194
2024-09-15,0.477200182776183,0.462018694827389
2024-09-16,0.46544103564095934,0.456192169472477
2024-09-17,0.44505069250224355,0.4224490385124633
2024-09-18,0.4360241509774071,0.4176491595983798
2024-09-19,0.42600253329463034,0.3991825440863342
2024-09-20,0.4243423931749705,0.4130210473381111
2024-09-21,0.4406169806396711,0.41224939662628013
2024-09-22,0.44071056196853514,0.42047717966276954
2024-09-23,0.4404449995836613,0.426619121019681
2024-09-24,0.44439036159218603,0.4366577916097717
2024-09-25,0.45504187283203407,0.43616167383412435
2024-09-26,0.4385800030930355,0.42739563548189713
2024-09-27,0.46047416568634686,0.43353943557026065
2024-09-28,0.4668118931894845,0.44247932712286847
2024-09-29,0.4709915369196776,0.45646494109450464
2024-09-30,0.46981542133611837,0.4579461983423898
2024-10-01,0.46743464894216535,0.4410531153883762
2024-10-02,0.4665706730484072,0.44333746659873174
2024-10-03,0.4738297085535887,0.4512503419411238
2024-10-04,0.4606655314126251,0.45120418365519893
2024-10-05,0.4642682056221156,0.4516085405668862
2024-10-06,0.45018424308531474,0.4456897359715435
2024-10-07,0.4551526887073067,0.43879798104634865
2024-10-08,0.4517377047162514,0.4427291445509501
2024-10-09,0.45535924869302846,0.44464138275604587
2024-10-10,0.4603422685463774,0.44590119191412664
2024-10-11,0.4571157764026803,0.44216381946411343
2024-10-12,0.41885176263413776,0.41500171485874027
2024-10-13,0.42129073189994604,0.4107484592632197
2024-10-14,0.39359291333730456,0.37997983970761834
2024-10-15,0.3923502343893032,0.3743853970335616
2024-10-16,0.401304395887806,0.3811556706992603
2024-10-17,0.40109059221612303,0.38762248945712824
2024-10-18,0.40175085851369874,0.3940717655534685
2024-10-19,0.40467012702703203,0.3866571430619586
2024-10-20,0.40870323826383204,0.40018504828705104
2024-10-21,0.3993383479854753,0.3842629126187896
2024-10-22,0.3974290751474196,0.3940094874545832
2024-10-23,0.39707507449479734,0.38550876150681207
2024-10-24,0.3723954375473515,0.3653215347900781
2024-10-25,0.3713825165803955,0.3514973613464576
2024-10-26,0.37373537514241334,0.3635118930379049
2024-10-27,0.3743208500616332,0.369677534571764
2024-10-28,0.37844083554671637,0.36910823341485355
2024-10-29,0.3792601216228873,0.3703645462454036
2024-10-30,0.3826478323499029,0.37461084262545835
2024-10-31,0.3822116645636158,0.37227864868982974
2024-11-01,0.3824373293699723,0.3742324681513513
2024-11-02,0.3804116375782907,0.373760135436139
2024-11-03,0.38375823875094317,0.3700701984929131
2024-11-04,0.3780692882062394,0.3714225906307164
2024-11-05,0.38068611898960375,0.3681690093441949
2024-11-06,0.3845276510963483,0.3658530118659559
2024-11-07,0.38911563819099515,0.3730700373123876
2024-11-08,0.38798823152946266,0.37804773517693885
2024-11-09,0.39099256182741476,0.37191860876173144
2024-11-10,0.3943744105318718,0.38136019123446113
2024-11-11,0.3605148641185529,0.34532495333091645
2024-11-12,0.36595627030948824,0.34550391396962354
2024-11-13,0.37481278921276734,0.35076221994375867
2024-11-14,0.3699989805925923,0.36394475452559266
2024-11-15,0.3720475299423014,0.35830306850783367
2024-11-16,0.37112022745133766,0.35937866350972497
2024-11-17,0.37001807107342255,0.3604154323778894
2024-11-18,0.37840874214697967,0.35458930147038875
2024-11-19,0.37669458059793204,0.36964358658492946
2024-11-20,0.3693323093767156,0.36367239238179006
2024-11-21,0.37123285677807916,0.3551022003296064
2024-11-22,0.37812814269457884,0.363271783789517
2024-11-23,0.3735920840785458,0.3647566978669695
2024-11-24,0.36921830371708964,0.3600176620869805
2024-11-25,0.36290042118534704,0.3523792520418741
2024-11-26,0.3662277306922348,0.3520805750477553
2024-11-27,0.35994328371256806,0.3498993362687627
2024-11-28,0.3585731941893083,0.35313225611919863
2024-11-29,0.3654003103534576,0.3560347425966501
2024-11-30,0.35716942650755873,0.35311023898093796
2024-12-01,0.3570110371140431,0.3495841116348646
2024-12-02,0.34546933118107076,0.33654911349445327
2024-12-03,0.35373497585918623,0.3193866902196111
2024-12-04,0.3415287967630177,0.32681850210569463
2024-12-05,0.3461852741771361,0.3354493338898987
2024-12-06,0.3469372235167968,0.3357049844342223
2024-12-07,0.35646972785449227,0.34371330650846954
2024-12-08,0.3507303620121165,0.3470840163745786
2024-12-09,0.3523965265120142,0.3169648683346577
2024-12-10,0.3534905795581569,0.340543161347662
2024-12-11,0.3525568974493624,0.34531819723581525
2024-12-12,0.357323602007022,0.34357774007264347
2024-12-13,0.36015217297028446,0.3537631272777919
2024-12-14,0.34768295740813804,0.3430883808411194
2024-12-15,0.3389485603624317,0.3304971675530366
2024-12-16,0.3148871411570847,0.30606880433993816
2024-12-17,0.3311060428796416,0.27611367675823634
2024-12-18,0.3270254188259853,0.28795227829895903
2024-12-19,0.32587463535773004,0.30851721829177114
2024-12-20,0.3283745614140673,0.3142177729040549
2024-12-21,0.2993944316337898,0.2903015257384777
2024-12-22,0.3192284358738751,0.29311683066296684
2024-12-23,0.31335258830285856,0.2950066706462711
2024-12-24,0.2781507068745836,0.25946338270599867
2024-12-25,0.2917541583396865,0.18274594538111097
2024-12-26,0.27438110749195804,0.27275242602962313
2024-12-27,0.27896898697429845,0.2705810489061335
2024-12-28,0.28874204676629894,0.27668123518540877
2024-12-29,0.2873187941121769,0.2811222955293956
2024-12-30,0.2853585042437572,0.28178154287717194
2024-12-31,0.2848907565427257,0.27337212865506916
2025-01-01,0.2993209315400394,0.27640892586302396
2025-01-02,0.3128631025424457,0.298483449805349
2025-01-03,0.3172623494557021,0.3079529834560898
2025-01-04,0.31380537374678247,0.3106941098233059
2025-01-05,0.3150015057491455,0.3061150915095004
2025-01-06,0.3126439752542238,0.3104899423183069
2025-01-07,0.3095559475260141,0.3027419397163591
2025-01-08,0.3114164449748791,0.302382399394233
2025-01-09,0.3128422450216914,0.3064109301944785
2025-01-10,0.3100143259757319,0.30674730299766706
2025-01-11,0.3154984103395625,0.3060752873408372
2025-01-12,0.3217288822224013,0.3126971559039887
2025-01-13,0.32256619240468826,0.30620599716209
2025-01-14,0.3258517397359676,0.3185223075952706
2025-01-15,0.330639803499619,0.3185034686040305
2025-01-16,0.3291272229978605,0.32460439702236904
2025-01-17,0.32502231574624235,0.32146712462270577
2025-01-18,0.32189193534404753,0.3094541398876055
2025-01-19,0.3189087759700571,0.3079191846174516
2025-01-20,0.31946353072381267,0.30434093664815237
2025-01-21,0.3195572731235215,0.31331797802511
2025-01-22,0.3194791464023884,0.3137480913750517
2025-01-23,0.3221438864876588,0.313675973014161
2025-01-24,0.3182237063798391,0.3137213045783633
2025-01-25,0.31978737014262804,0.3143207432502383
2025-01-26,0.3276163818210218,0.3168601552779958
2025-01-27,0.32427136709330023,0.31446967898482536
2025-01-28,0.3141152319501538,0.30398019180240093
2025-01-29,0.3162436995852815,0.30650034460663006
2025-01-30,0.31878904331388286,0.31135458900446816
2025-01-31,0.31719798865332816,0.3058711416438298
2025-02-01,0.3111016805938048,0.29939670925665063
2025-02-02,0.3054889079872802,0.29457577656540723
2025-02-03,0.3110634454084578,0.28950023941899955
2025-02-04,0.30525921907932213,0.29938979293310897
2025-02-05,0.3026488653014532,0.2977110378736794
2025-02-06,0.2989723091880319,0.29304797893483847
2025-02-07,0.30224218066654557,0.29326936646298474
2025-02-08,0.32338324364725973,0.300146137275437
2025-02-09,0.3242383590770607,0.31373190054558975
2025-02-10,0.32100469433614465,0.315757867996784
2025-02-11,0.31968805651508647,0.310415378589134
2025-02-12,0.31391935638473056,0.3060135692341393
2025-02-13,0.3313243679775272,0.3052522816371923
2025-02-14,0.3497177540135747,0.32757864441619455
2025-02-15,0.33727428831756506,0.3342029647803047
2025-02-16,0.33732743427735506,0.327042477644216
2025-02-17,0.336568031614385,0.3280537704686537
2025-02-18,0.3384789135792675,0.3270854424610268
2025-02-19,0.33682338530533745,0.33093063034337544
2025-02-20,0.34258175055219675,0.33507008715277636
2025-02-21,0.3430638989974138,0.3355649594986977
2025-02-22,0.2730778273252191,0.23505095750087437
2025-02-23,0.26800783919429244,0.25286517586002394
2025-02-24,0.33583257600173666,0.19270399737133545
2025-02-25,0.3403292389950602,0.3230034534698939
2025-02-26,0.3449460788488662,0.3344736595809418
2025-02-27,0.33700650273991684,0.32789277102822717
2025-02-28,0.33124572967231364,0.3165778795094674
2025-03-01,0.34610823886530034,0.32597388714253184
2025-03-02,0.34625143408913117,0.3350766903695779
2025-03-03,0.35657566074189756,0.32344016578956947
2025-03-04,0.35676653738975345,0.34561387757213935
2025-03-05,0.34847443575138515,0.34238508045746857
2025-03-06,0.3548726634626648,0.3394371491960206
2025-03-07,0.35520402129742035,0.3438931927399659
2025-03-08,0.3641108703303722,0.3519098395762154
2025-03-09,0.355464645766395,0.35185340643726193
2025-03-10,0.35814173762915763,0.3461621053535416
2025-03-11,0.3617864387413138,0.34907714408846985
2025-03-12,0.36569570450445443,0.35152951700172935
2025-03-13,0.36103485615282216,0.3580630404555879
2025-03-14,0.36633521474258074,0.3508731321879088
2025-03-15,0.3709510074572755,0.3633481949575085
2025-03-16,0.36353341281506507,0.35929201755616547
2025-03-17,0.37805738049973825,0.3620304302832047
2025-03-18,0.38390396848990277,0.3531678432451166
2025-03-19,0.3826253381122186,0.3690950023407758
2025-03-20,0.36165067180115473,0.35212646350073445
2025-03-21,0.3659649524033975,0.3552052530989343
2025-03-22,0.3605416272664061,0.3345287696632335
2025-03-23,0.354771495409268,0.3508187921821831
2025-03-24,0.3440524429984872,0.3395454529815617
2025-03-25,0.3318260827738712,0.32272689223566897
2025-03-26,0.3460235045792498,0.3279846134649125
2025-03-27,0.3500411358863725,0.340705293257165
2025-03-28,0.3481507846650602,0.33874195113408584
2025-03-29,0.34865031669286956,0.3362120112580531
2025-03-30,0.35167822263955817,0.3444293713818753
2025-03-31,0.34972084492587757,0.34620935111523826
2025-04-01,0.3519191797789061,0.34678144091253255
2025-04-02,0.32410944714121814,0.318003262433924
2025-04-03,0.33206499499728787,0.3152440150446886
2025-04-04,0.32834558945479375,0.32497715299530466
2025-04-05,0.325822570238752,0.32246417175676945
2025-04-06,0.33200797058953263,0.31962459115522396
2025-04-07,0.3367973257559078,0.3197689528970195
2025-04-08,0.3385237008287124,0.3263529906579866
2025-04-09,0.3470075653463486,0.3300174429448639
2025-04-10,0.34282908296246856,0.3324639040191645
2025-04-11,0.3324723268393564,0.31515881861572825
2025-04-12,0.3321372940387298,0.3203134605284715
2025-04-13,0.33568736441955266,0.3171735125428421
2025-04-14,0.32094441425959847,0.2968584677504355
2025-04-15,0.31844609356574893,0.3101811139817931
2025-04-16,0.3257295464618995,0.3125736800829437
2025-04-17,0.3258898328573601,0.3053302148295891
2025-04-18,0.33370764410444687,0.3255767571194463
2025-04-19,0.33288232248647787,0.3310732001323152
2025-04-20,0.3352920201204128,0.32974786555376007
2025-04-21,0.3322047073268441,0.3271791986138997
2025-04-22,0.3180464399147226,0.3171451863226595
2025-04-23,0.3154654864558644,0.30683737196991284
2025-04-24,0.30473137178923143,0.29863546530525154
2025-04-25,0.33191970124158404,0.30112060902590865
2025-04-26,0.3295172664904141,0.32174564021385715
2025-04-27,0.3386678566480196,0.32757267315351385
2025-04-28,0.33472413114994715,0.3304884698834635
2025-04-29,0.3285166170563274,0.31587598368769554
2025-04-30,0.3321726652821032,0.32562055214237223
2025-05-01,0.3211173651375397,0.3189539315536663
2025-05-02,0.32832542974767687,0.3174086218508996
2025-05-03,0.32637294533213634,0.3196991812807416
2025-05-04,0.32372608126684504,0.3179625463783475
2025-05-05,0.32434538267868995,0.31450851237464794
2025-05-06,0.327393516216268,0.3170975324376334
2025-05-07,0.3201457863424497,0.30935294301751565
2025-05-08,0.3205918451167703,0.29630384863666265
2025-05-09,0.3314991401555619,0.313874362863475
2025-05-10,0.33356591864706525,0.3143749194954508
2025-05-11,0.33529410854858765,0.3139057509308069
2025-05-12,0.34846185347462966,0.32692187462574734
2025-05-13,0.35777003198071206,0.3279250031052188
2025-05-14,0.3622628625163279,0.34602312460447787
2025-05-15,0.36033569548525096,0.352956741757509
2025-05-16,0.36189832864571925,0.3564264907264945
2025-05-17,0.36247285177442284,0.35458418519285057
2025-05-18,0.3620999029787604,0.3525585540855565
2025-05-19,0.36023897897923673,0.35505882987643117
2025-05-20,0.3646689812143863,0.35142443909383464
2025-05-21,0.365009931653326,0.36110825288988346
2025-05-22,0.3472611333519352,0.3398052381827382
2025-05-23,0.36319262139835395,0.3443935775994672
2025-05-24,0.36284924858321255,0.3562623985517236
2025-05-25,0.35362061460198885,0.34948173730648857
2025-05-26,0.35527146819506256,0.34594668408174106
2025-05-27,0.34890929286887346,0.34099782492533615
2025-05-28,0.3299779129173217,0.3222565443260807
2025-05-29,0.32014711887053243,0.3104728927254975
2025-05-30,0.31350408108597666,0.3065280316042805
2025-05-31,0.3140568775300482,0.3088237274992351
2025-06-01,0.3136887764121315,0.3032856192211292
2025-06-02,0.3155595067559761,0.31021690194164425
2025-06-03,0.3177773581805292,0.3099266875069697
2025-06-04,0.30512259137060255,0.30117966557339054
2025-06-05,0.2981113284023094,0.2905010286382453
2025-06-06,0.31171668436417543,0.28882221873938946
2025-06-07,0.3142794472203464,0.2935812045767146
2025-06-08,0.3229156019869421,0.3113614598608105
2025-06-09,0.32750119509912595,0.3180455932084051
2025-06-10,0.34667698474510694,0.32063255061743084
2025-06-11,0.3391933386555361,0.332863816350671
2025-06-12,0.33739715362132305,0.32759485242358705
2025-06-13,0.3340511459050166,0.32486323147315777
2025-06-14,0.33022368769111654,0.32723714667282205
2025-06-15,0.3320489549292896,0.3284861806395114
2025-06-16,0.3298804012595931,0.31989278033602486
2025-06-17,0.32516262611933844,0.3201706087436158
2025-06-18,0.31564464277533616,0.3074291511490376
2025-06-19,0.3223183689072022,0.312411684406191
2025-06-20,0.3105114862449947,0.30519410377031303
2025-06-21,0.313506576454623,0.3023770638484264
2025-06-22,0.30981446223560427,0.2972649626418469
2025-06-23,0.2775556419243895,0.26728686409003344
2025-06-24,0.29024454520327314,0.2692699878008474
2025-06-25,0.2804882736506967,0.26707774273566853
2025-06-26,0.32198727308801645,0.2668847504163034
2025-06-27,0.3060913260947411,0.3009435983040786
2025-06-28,0.30768692350249943,0.297797372497344
2025-06-29,0.314657761626925,0.29852406724739217
2025-06-30,0.309334858289349,0.30839108620841726
2025-07-01,0.2953115860779893,0.29153424980151627
2025-07-02,0.2872273220631524,0.27881864391065997
2025-07-03,0.2785995510710997,0.2729387050933505
2025-07-04,0.280728599661068,0.2716394199073657
2025-07-05,0.28497861211800146,0.2780694902096572
2025-07-06,0.2888777408553937,0.281639088325622
2025-07-07,0.28981405869059923,0.28472812850652923
2025-07-08,0.2725601113260554,0.2690388368946583
2025-07-09,0.25035381421365477,0.2431961155194861
2025-07-10,0.22076751774974196,0.18937458889919928
2025-07-11,0.2672302138595884,0.1023887048385433
2025-07-12,0.2725868685816747,0.2552828485452838
2025-07-13,0.2755366972649672,0.27122036203074745
2025-07-14,0.27670249477119385,0.2677953945249252
2025-07-15,0.2788710575772986,0.2723766398386961
2025-07-16,0.28111293262297554,0.26827340522868803
2025-07-17,0.275544952330022,0.2665493166770403
2025-07-18,0.28336767614480174,0.26655562258112053
2025-07-19,0.2874733171961068,0.27858494954315116
2025-07-20,0.2888586548723398,0.2834714980951698
2025-07-21,0.28539091851709325,0.2798776948572642
2025-07-22,0.28574815870311104,0.28226460485113364
2025-07-23,0.2894973276382112,0.2805578984435935
2025-07-24,0.2878205835308282,0.28204592818840524
2025-07-25,0.29075686018387953,0.2765321159501594
2025-07-26,0.29178130097038585,0.27973018546617173
2025-07-27,0.28637751495272423,0.28317522677292495
2025-07-28,0.28157543761780823,0.2753309915492716
2025-07-29,0.29225996187556097,0.27482309476906797
2025-07-30,0.29232284158191907,0.28114651479589964
2025-07-31,0.2875262343984778,0.27906321034140924
2025-08-01,0.29393239693645373,0.2849417717161625
2025-08-02,0.30508411212727926,0.29075250222072674
2025-08-03,0.3083951753577522,0.3017597876738576
2025-08-04,0.31332648370057326,0.30323540666863685
2025-08-05,0.31684462920149126,0.3108721780520784
2025-08-06,0.3130076277470105,0.3001731834883294
2025-08-07,0.32010271632553494,0.29994679595326373
2025-08-08,0.31322010475057893,0.30814917209722503
2025-08-09,0.31446028428850836,0.29183011110886875
2025-08-10,0.3164803306900789,0.30970899323119583
2025-08-11,0.32102850364022384,0.31330655386164435
2025-08-12,0.33773749191196445,0.30687984461521794
2025-08-13,0.3267055143158756,0.32242508835985995
2025-08-14,0.3334500396433556,0.30661879853744517
2025-08-15,0.31989942505989705,0.27792595243910945
2025-08-16,0.3325414072804857,0.3107980080609087
2025-08-17,0.3116927883363157,0.28609638691169015
2025-08-18,0.28972111006046436,0.25902456782665156
2025-08-19,0.2582662153931176,0.21833705895741767
2025-08-20,0.25958387617627243,0.24005555956650684
2025-08-21,0.2657427664399299,0.2561813332038649
2025-08-22,0.26434121608159894,0.260204855863774
2025-08-23,0.22733313393914434,0.21597490930746682
2025-08-24,0.2218177308705231,0.21330944554401085
2025-08-25,0.2246077293512729,0.21662797513677437
2025-08-26,0.222075237620688,0.22056247001680707
2025-08-27,0.22490824574731136,0.20771271843947203
2025-08-28,0.22276782288291178,0.22041599458593975
2025-08-29,0.22314884152381873,0.21941436765214947
2025-08-30,0.22458058868355132,0.22210631887594717
2025-08-31,0.22057468114570922,0.2184905464619587
2025-09-01,0.23208775336309884,0.21626671059480063
2025-09-02,0.23083317246706883,0.22830437160612843
2025-09-03,0.2322565662162001,0.22884662791658764
2025-09-04,0.22975215802632057,0.22823911182581055
2025-09-05,0.2247620554882676,0.22029036590510134
2025-09-06,0.22529425825157165,0.21865220123525192
2025-09-07,0.22553671371517647,0.21862823041269785
2025-09-08,0.2298391230386495,0.22077090166282057
2025-09-09,0.2308775178180369,0.22799188730897504
2025-09-10,0.2320804330896925,0.22975775927148637
2025-09-11,0.23872480287657274,0.22395632054491907
2025-09-12,0.22865131609133335,0.22661936319276668
2025-09-13,0.2319986333039052,0.22613732070837347
2025-09-14,0.22735272207775375,0.22130386845957845
2025-09-15,0.21899958269774372,0.2152119703403455
2025-09-16,0.21998949227613435,0.21610686205543034
2025-09-17,0.2234903563561314,0.21141114440248618
2025-09-18,0.22814845165911474,0.2221114827765262
2025-09-19,0.23088768777408872,0.22283777310073813
2025-09-20,0.22612052436736468,0.2031595537218057
2025-09-21,0.22452726767744743,0.22060538819739942
2025-09-22,0.2177806082242381,0.2075700041625843
2025-09-23,0.2104842792261539,0.2025644402542308
2025-09-24,0.20996611460535214,0.2091491329151031
2025-09-25,0.20716033112152243,0.20478245696712405
2025-09-26,0.19982095971001512,0.1954536031428554
2025-09-27,0.20017950181592628,0.1868019409028768
2025-09-28,0.19565952126106229,0.19086530171861668
2025-09-29,0.2039362484098163,0.1808845429916184
2025-09-30,0.2091301605906839,0.19042118709098096
2025-10-01,0.20583861544702062,0.20081175668059983
2025-10-02,0.18622477318138528,0.17470203007787685
2025-10-03,0.1826703390844051,0.17234915864077172
2025-10-04,0.18234899405778976,0.17490159709855096
2025-10-05,0.18581422578250253,0.17801112550536377
2025-10-06,0.196142226990638,0.17964909558670067
2025-10-07,0.16401554354215075,0.12038134991363555
2025-10-08,0.16184021326902215,0.1591393872126232
2025-10-09,0.16268958040153816,0.1569162886658158
2025-10-10,0.14824781921760782,0.12468077270120699
2025-10-11,0.14629046340191923,0.13884040144302842
2025-10-12,0.14622976461344964,0.14137446766872933
2025-10-13,0.14930260989425154,0.14105539697191272
2025-10-14,0.14374835705947733,0.1370813063420453
2025-10-15,0.1442093338374653,0.1382607541070637
2025-10-16,0.14073836638223935,0.13763833825751323
2025-10-17,0.13896731715038113,0.13561757160328713
2025-10-18,0.13997007710885076,0.13469845526976149
2025-10-19,0.13555846413601766,0.13432214044608748
2025-10-20,0.13912579380105017,0.13341421101314943
2025-10-21,0.1351016094341127,0.1343535599812449
2025-10-22,0.1376660954490431,0.1318499037895952
2025-10-23,0.1387261586973804,0.12906283647469574
2025-10-24,0.14003648565099994,0.13802799980682856
2025-10-25,0.13931009425140023,0.13881616025604035
2025-10-26,0.13573434787716948,0.13375274322042296
2025-10-27,0.14020361853469812,0.133165940197272
2025-10-28,0.1442381894822782,0.137306522459311
2025-10-29,0.14563816083546363,0.13849246953661734
2025-10-30,0.1415974589288107,0.1404115734083355
2025-10-31,0.13797079112722244,0.13416962207108607
2025-11-01,0.14542156338993423,0.13032556013451543
2025-11-02,0.1422962172669288,0.1387679189851952
2025-11-03,0.1347249042847346,0.12969995747285643
2025-11-04,0.1358628170470205,0.12121529944914794
2025-11-05,0.13910522733455605,0.13172803268607994
2025-11-06,0.14332402495659965,0.13756753510675235
2025-11-07,0.1837390236797871,0.13546377463287113
2025-11-08,0.16933596924197367,0.1638503016957119
2025-11-09,0.16769966455347726,0.1645435763012378
2025-11-10,0.16733668756799291,0.16122979261850934
2025-11-11,0.16638947225245956,0.1616688535539568
2025-11-12,0.1669709103119819,0.16406190144035074
2025-11-13,0.1745989052433421,0.15808341819186056
2025-11-14,0.17400377703472839,0.16729077704090733
2025-11-15,0.17993323098059869,0.17299291336343345
2025-11-16,0.20445235402950204,0.17607058591793542
2025-11-17,0.19602603844768107,0.1933242689600943
2025-11-18,0.191946530271941,0.18512707831953948
2025-11-19,0.1991873717124116,0.18260540294453073
2025-11-20,0.1890070486154818,0.18426052740411744
2025-11-21,0.18561075751061287,0.18339857208669863
2025-11-22,0.18620961558646076,0.18069154946429983
2025-11-23,0.18323034335468866,0.1796250230055393
2025-11-24,0.19017953347417188,0.1750078527363437
2025-11-25,0.19354075186170808,0.1876104703971609
2025-11-26,0.1904814972106967,0.18956893982454567
2025-11-27,0.18677746668500547,0.18260742597107482
2025-11-28,0.18846044164461095,0.18485462619471776
2025-11-29,0.18883063966912264,0.18630822066941297
2025-11-30,0.18947970296825556,0.18769282756745967
2025-12-01,0.19084005776728302,0.18624603176986038
2025-12-02,0.1886524854887287,0.1877012637130773
2025-12-03,0.1885754365249009,0.18735668362484756
2025-12-04,0.18240920036485567,0.17698228120630632
2025-12-05,0.17936847361165564,0.17183783645504402
2025-12-06,0.17438546915155156,0.1693650600855495
2025-12-07,0.17420494902007017,0.17018207079201927
2025-12-08,0.17373052428030247,0.16963771906075656
2025-12-09,0.17124291640415615,0.16887889410439189
2025-12-10,0.16700671680693216,0.16234653380745137
2025-12-11,0.1640100606732854,0.16116046928480757
2025-12-12,0.1653083609198381,0.1605939166327161
2025-12-13,0.1752414269223348,0.15860672527207778
2025-12-14,0.15742241873375998,0.14802270864745332
2025-12-15,0.17071010946570359,0.1524326444754218
2025-12-16,0.21317478536153833,0.16738050790501025
2025-12-17,0.18709292410595021,0.18140485862268796
2025-12-18,0.17578407405164176,0.16846160682439504
2025-12-19,0.17967540283903885,0.16097454148672155
2025-12-20,0.18655581776363403,0.1716609735913237
2025-12-21,0.1912876455623001,0.17899864950137284
2025-12-22,0.19050959433196576,0.18253320059940142
2025-12-23,0.18758362286169236,0.18328148106003334
2025-12-24,0.1896263222046026,0.1867481287457462
2025-12-25,0.18957669792659496,0.18492945270507335
2025-12-26,0.19553798097941916,0.18766781626064452
2025-12-27,0.2018805976864365,0.19333627386516597
2025-12-28,0.2007045424144237,0.19315664443360792
2025-12-29,0.18808176094034396,0.18174385027973614
2025-12-30,0.19427856538982544,0.1848494978751396
2025-12-31,0.19408969659933936,0.18084552998379883
